name,last_publish_date,maintainer_count,total_downloads_1y,version_count,forks,open_issues_count,pushed_at,recent_commit_sample_count,recent_contributor_count,stars,total_commit_count,days_since_push,days_since_publish,is_unmaintained
@ai-sdk/vue,2026-08-14T18:41:07.034Z,3,28129461.0,1119,4964,765,2026-08-15T23:11:08Z,100,18,26215,7979,1,2,0
@angular-builders/custom-webpack,2026-06-23T10:08:22.343Z,1,18610914.0,172,209,2,2026-08-16T05:28:51Z,100,2,1161,2546,0,54,0
@azure/cosmos,2026-07-21T13:51:49.629Z,3,30315480.0,1008,1387,541,2026-08-16T09:10:52Z,100,29,2294,21322,0,26,0
@apm-js-collab/code-transformer-bundler-plugins,2026-08-05T00:14:13.661Z,2,48737676.0,15,2,0,2026-08-05T00:12:41Z,48,4,1,48,11,11,0
@azure/msal-node,2026-08-04T21:29:40.934Z,3,513067936.0,176,2722,148,2026-08-14T22:21:25Z,100,17,4113,13785,2,12,0
@angular/compiler-cli,2026-08-13T18:59:55.844Z,2,207767759.0,1085,27434,993,2026-08-14T16:29:46Z,100,24,101008,38161,2,3,0
@apollo/subgraph,2026-07-22T16:11:12.869Z,4,33524709.0,188,275,343,2026-08-14T23:49:51Z,100,15,724,3879,2,25,0
@babel/core,2026-06-17T09:44:07.576Z,4,5579419058.0,229,5982,592,2026-08-16T08:21:06Z,100,12,43985,18608,0,60,0
@analogjs/vitest-angular,2026-08-12T12:56:41.364Z,1,7643945.0,678,331,13,2026-08-15T04:25:29Z,100,10,3162,2732,1,4,0
@apollo/query-planner,2026-07-22T16:11:14.029Z,4,13900571.0,218,275,343,2026-08-14T23:49:51Z,100,15,724,3879,2,25,0
@apollo/composition,2026-07-22T16:11:15.491Z,4,13189873.0,177,275,343,2026-08-14T23:49:51Z,100,15,724,3879,2,25,0
@apollo/utils.keyvaluecache,2025-05-21T18:43:37.898Z,5,173041186.0,10,14,8,2026-08-15T08:58:17Z,100,9,42,430,1,452,0
@apollo/utils.isnodelike,2023-04-17T22:53:28.057Z,5,104145349.0,5,14,8,2026-08-15T08:58:17Z,100,9,42,430,1,1217,0
@appium/base-driver,2026-07-25T06:56:58.284Z,3,46607301.0,117,6278,52,2026-08-14T12:07:27Z,100,8,21856,12494,2,22,0
@bufbuild/protobuf,2026-08-13T11:52:58.318Z,6,524474300.0,77,207,26,2026-08-13T11:50:24Z,100,9,1645,794,3,3,0
@azure/abort-controller,2026-07-13T19:11:00.668Z,3,1006696839.0,536,1387,541,2026-08-16T09:10:52Z,100,29,2294,21322,0,34,0
@babel/compat-data,2026-06-16T13:32:01.534Z,4,5033252469.0,128,5982,592,2026-08-16T08:21:06Z,100,12,43985,18608,0,61,0
@apollo/utils.printwithreducedwhitespace,2023-04-17T22:53:28.250Z,5,132695052.0,5,14,8,2026-08-15T08:58:17Z,100,9,42,430,1,1217,0
@apollo/utils.logger,2023-04-17T22:53:28.153Z,5,168304292.0,5,14,8,2026-08-15T08:58:17Z,100,9,42,430,1,1217,0
@babel/cli,2026-07-09T08:49:40.563Z,4,184463904.0,154,5982,592,2026-08-16T08:21:06Z,100,12,43985,18608,0,38,0
@babel/plugin-syntax-typescript,2026-06-27T08:04:32.972Z,4,2613777381.0,101,5982,592,2026-08-16T08:21:06Z,100,12,43985,18608,0,50,0
@babel/helper-create-regexp-features-plugin,2026-06-17T09:44:07.763Z,4,1798252587.0,81,5982,592,2026-08-16T08:21:06Z,100,12,43985,18608,0,60,0
@angular-devkit/build-webpack,2026-08-13T16:32:43.967Z,2,169622857.0,956,11846,263,2026-08-14T16:05:58Z,100,9,27017,18651,2,3,0
@aws-lambda-powertools/logger,2026-07-10T12:31:55.939Z,2,32216414.0,128,196,31,2026-08-16T00:16:57Z,100,7,1789,3496,0,37,0
@babel/helper-globals,2026-06-16T13:32:03.390Z,4,3457982639.0,13,5982,592,2026-08-16T08:21:06Z,100,12,43985,18608,0,61,0
@appium/support,2026-07-25T06:57:45.297Z,3,76759462.0,102,6278,52,2026-08-14T12:07:27Z,100,8,21856,12494,2,22,0
@ag-grid-community/client-side-row-model,2025-08-13T09:28:54.865Z,3,16965517.0,81,2080,83,2026-08-16T09:35:11Z,100,14,15544,46871,0,368,0
@ardatan/relay-compiler,2026-07-17T14:45:13.148Z,1,350901295.0,63,829,113,2026-08-14T21:56:17Z,100,10,5431,7457,2,30,0
@apollographql/graphql-upload-8-fork,2022-10-20T17:39:24.118Z,1,8970766.0,5,5,0,2023-05-26T20:12:18Z,100,8,0,482,1178,1396,1
@babel/standalone,2026-07-09T08:49:41.484Z,4,43369440.0,349,5982,592,2026-08-16T08:21:06Z,100,12,43985,18608,0,38,0
@angular-devkit/schematics-cli,2026-08-13T16:34:53.692Z,2,231424952.0,998,11846,263,2026-08-14T16:05:58Z,100,9,27017,18651,2,3,0
@borewit/text-codec,2026-03-11T20:15:13.627Z,1,474198019.0,5,4,0,2026-06-01T19:56:21Z,31,3,3,31,76,158,0
@angular/cli,2026-08-13T16:33:27.013Z,2,224925044.0,1101,11846,263,2026-08-14T16:05:58Z,100,9,27017,18651,2,3,0
@api-wrappers/api-core,2026-07-18T01:11:04.352Z,1,2455.0,8,1,3,2026-07-27T08:10:26Z,30,3,1,30,20,29,0
@adobe/aio-commerce-lib-api,2026-07-22T13:30:45.176Z,31,22414.0,20,9,1,2026-08-14T14:38:52Z,100,9,13,569,2,25,0
@angular/google-maps,2026-08-12T21:09:12.933Z,2,12308236.0,592,6838,1195,2026-08-15T09:43:23Z,100,14,25035,15469,1,4,0
@angular/build,2026-08-13T16:34:23.911Z,2,158395213.0,306,11846,263,2026-08-14T16:05:58Z,100,9,27017,18651,2,3,0
@anycable/web,2026-01-28T09:06:16.388Z,2,7920224.0,29,22,2,2026-08-14T18:33:02Z,100,8,134,257,2,200,0
@ackee/antonio-core,2025-04-22T15:26:35.596Z,7,13174.0,57,1,5,2025-04-22T15:26:39Z,100,2,7,452,481,481,1
@angular/ssr,2026-08-13T16:31:29.550Z,2,19007096.0,373,11846,263,2026-08-14T16:05:58Z,100,9,27017,18651,2,3,0
@apollo/client,2026-08-14T00:55:04.354Z,4,257593367.0,719,2880,361,2026-08-15T09:08:37Z,100,16,19808,13584,1,2,0
@axiomhq/logging,2026-08-04T10:18:22.560Z,9,3757994.0,14,20,3,2026-08-11T06:00:47Z,100,13,145,890,5,12,0
@adobe/css-tools,2026-05-21T22:37:48.114Z,31,1543767979.0,22,24,1,2026-08-14T21:15:48Z,100,4,87,1106,2,87,0
@azure/core-lro,2026-07-13T19:09:22.258Z,3,406209551.0,606,1387,541,2026-08-16T09:10:52Z,100,29,2294,21322,0,34,0
@babel/preset-modules,2026-06-17T18:06:08.090Z,4,1512899600.0,10,17,3,2026-06-17T18:03:36Z,45,8,740,45,60,60,0
@castlenine/vite-remove-attribute,2024-05-09T23:35:33.750Z,1,49308.0,3,0,0,2024-05-09T23:34:21Z,12,1,4,12,829,829,1
@breejs/later,2023-11-28T21:21:18.901Z,5,14978493.0,11,14,20,2023-11-28T21:21:22Z,100,14,150,196,992,992,1
@angular-devkit/core,2026-08-13T16:36:49.287Z,2,901372427.0,1016,11846,263,2026-08-14T16:05:58Z,100,9,27017,18651,2,3,0
@appium/docutils,2026-07-25T06:57:07.885Z,3,38794105.0,101,6278,52,2026-08-14T12:07:27Z,100,8,21856,12494,2,22,0
@azure/logger,2026-07-13T19:10:38.964Z,3,542547726.0,460,1387,541,2026-08-16T09:10:52Z,100,29,2294,21322,0,34,0
@assetopt/cli,2026-07-11T18:54:34.782Z,1,912.0,6,0,0,2026-07-12T08:44:32Z,23,1,0,23,35,36,0
@angular-devkit/architect,2026-08-13T16:32:37.398Z,2,330993187.0,984,11846,263,2026-08-14T16:05:58Z,100,9,27017,18651,2,3,0
@apollo/cache-control-types,2023-06-26T16:37:37.476Z,5,105156595.0,4,2008,60,2026-08-15T10:05:45Z,100,18,13943,8578,1,1147,0
@axiomhq/js,2026-08-04T10:18:14.663Z,9,13343206.0,21,20,3,2026-08-11T06:00:47Z,100,13,145,890,5,12,0
@appium/logger,2026-07-25T06:12:51.867Z,3,56367850.0,22,6278,52,2026-08-14T12:07:27Z,100,8,21856,12494,2,22,0
@apollo/utils.dropunuseddefinitions,2023-04-17T22:53:28.020Z,5,131905148.0,5,14,8,2026-08-15T08:58:17Z,100,9,42,430,1,1217,0
@apollo/gateway,2026-07-22T16:11:14.477Z,4,13849941.0,391,275,343,2026-08-14T23:49:51Z,100,15,724,3879,2,25,0
@bajustone/fetcher,2026-07-27T08:07:25.073Z,1,1393.0,3,0,0,2026-07-27T08:06:18Z,59,1,0,59,20,20,0
@bramus/specificity,2025-06-02T20:24:27.132Z,1,335991006.0,25,7,3,2025-06-02T20:24:09Z,100,4,97,137,440,440,1
@babel/parser,2026-07-09T08:49:47.215Z,4,6863231924.0,251,5982,592,2026-08-16T08:21:06Z,100,12,43985,18608,0,38,0
@appium/base-plugin,2026-07-25T06:57:03.135Z,3,35635969.0,114,6278,52,2026-08-14T12:07:27Z,100,8,21856,12494,2,22,0
@apollo/query-graphs,2026-07-22T16:11:14.376Z,4,13751937.0,177,275,343,2026-08-14T23:49:51Z,100,15,724,3879,2,25,0
@apollo/federation-internals,2026-07-22T16:11:12.962Z,4,33832988.0,177,275,343,2026-08-14T23:49:51Z,100,15,724,3879,2,25,0
@auth0/angular-jwt,2023-10-31T12:08:12.902Z,21,12044063.0,32,473,3,2026-08-08T01:56:51Z,100,13,2625,549,8,1020,0
@biomejs/wasm-nodejs,2026-08-11T08:52:19.267Z,5,17129200.0,141,1189,392,2026-08-16T07:32:31Z,100,18,25584,10647,0,5,0
@babel/helper-create-class-features-plugin,2026-06-17T09:44:17.345Z,4,2340601616.0,135,5982,592,2026-08-16T08:21:06Z,100,12,43985,18608,0,60,0
@alice-doctor/wreq-js,2026-08-12T07:14:29.820Z,1,901.0,5,0,0,2026-08-12T07:16:28Z,12,2,0,12,4,4,0
@angular/router,2026-08-13T19:00:27.459Z,2,205743480.0,1108,27434,993,2026-08-14T16:29:46Z,100,24,101008,38161,2,3,0
@apollo/utils.fetcher,2023-11-08T18:34:59.471Z,5,110506423.0,7,14,8,2026-08-15T08:58:17Z,100,9,42,430,1,1012,0
@babel/node,2026-06-17T09:44:17.275Z,4,48297171.0,140,5982,592,2026-08-16T08:21:06Z,100,12,43985,18608,0,60,0
@appium/tsconfig,2026-07-25T06:12:55.021Z,3,49954345.0,15,6278,52,2026-08-14T12:07:27Z,100,8,21856,12494,2,22,0
@angular/material,2026-08-12T21:11:26.267Z,2,106545468.0,726,6838,1195,2026-08-15T09:43:23Z,100,14,25035,15469,1,4,0
@anycable/core,2026-08-14T18:33:30.121Z,2,10809152.0,60,22,2,2026-08-14T18:33:02Z,100,8,134,257,2,2,0
@appium/types,2026-07-25T06:12:59.995Z,3,80693720.0,76,6278,52,2026-08-14T12:07:27Z,100,8,21856,12494,2,22,0
@apollo/utils.usagereporting,2023-06-05T21:17:42.117Z,5,131053512.0,7,14,8,2026-08-15T08:58:17Z,100,9,42,430,1,1168,0
@appium/strongbox,2026-07-25T06:12:53.292Z,3,24182434.0,15,6278,52,2026-08-14T12:07:27Z,100,8,21856,12494,2,22,0
@apollo/utils.withrequired,2023-04-17T22:53:30.094Z,5,101772097.0,5,14,8,2026-08-15T08:58:17Z,100,9,42,430,1,1217,0
@apollo/utils.createhash,2025-01-02T18:21:36.466Z,5,105368157.0,7,14,8,2026-08-15T08:58:17Z,100,9,42,430,1,591,0
@apollo/utils.sortast,2023-04-17T22:53:30.171Z,5,130190403.0,5,14,8,2026-08-15T08:58:17Z,100,9,42,430,1,1217,0
@budibase/handlebars-helpers,2026-05-25T13:02:15.280Z,4,12282190.0,22,361,66,2024-07-04T14:19:49Z,100,12,2273,894,773,83,1
@babel/plugin-proposal-decorators,2026-06-18T13:35:53.309Z,4,778627757.0,149,5982,592,2026-08-16T08:21:06Z,100,12,43985,18608,0,59,0
@capacitor-community/sqlite,2026-08-06T12:39:11.958Z,52,2694415.0,256,157,32,2026-08-06T12:38:50Z,100,17,658,823,10,10,0
@bull-board/express,2026-08-12T14:17:14.358Z,1,37948897.0,250,484,15,2026-08-13T06:09:01Z,100,9,3444,1542,3,4,0
@analogjs/vite-plugin-angular,2026-08-12T12:56:33.090Z,1,11105152.0,856,331,13,2026-08-15T04:25:29Z,100,10,3162,2732,1,4,0
@bpmn-io/feel-lint,2026-07-16T09:50:40.979Z,11,4120743.0,15,0,3,2026-07-24T16:55:08Z,100,5,2,130,23,31,0
@axe-core/playwright,2026-08-11T17:07:40.763Z,5,139226972.0,510,78,96,2026-08-11T18:03:25Z,100,11,718,755,5,5,0
@aminya/minijson,2025-05-25T06:53:40.826Z,1,17207.0,21,1,2,2025-07-02T11:30:28Z,100,1,8,239,410,448,1
@aws-amplify/graphql-directives,2026-02-05T17:25:04.679Z,6,11486596.0,33,96,779,2026-08-14T10:01:10Z,100,5,95,8223,2,192,0
@apollo/utils.stripsensitiveliterals,2023-04-17T22:53:30.120Z,5,131897095.0,6,14,8,2026-08-15T08:58:17Z,100,9,42,430,1,1217,0
@babel/eslint-plugin,2026-06-17T09:44:05.155Z,4,23979014.0,64,5982,592,2026-08-16T08:21:06Z,100,12,43985,18608,0,60,0
@asamuzakjp/nwsapi,2025-03-28T13:43:07.844Z,1,546837888.0,36,50,3,2026-08-13T04:32:58Z,100,5,136,417,3,506,0
@appium/schema,2026-07-25T06:12:53.383Z,3,76559397.0,35,6278,52,2026-08-14T12:07:27Z,100,8,21856,12494,2,22,0
@ag-grid-community/core,2025-08-13T09:28:58.528Z,3,23662698.0,84,2080,83,2026-08-16T09:35:11Z,100,14,15544,46871,0,368,0
@authup/core-http-kit,2026-04-29T09:42:38.567Z,1,16677.0,47,2,28,2026-08-16T07:49:33Z,100,3,40,4165,0,109,0
@babel/plugin-transform-typescript,2026-06-17T09:45:23.105Z,4,1569120398.0,162,5982,592,2026-08-16T08:21:06Z,100,12,43985,18608,0,60,0
@agentforge/tools,2026-08-12T08:37:21.392Z,1,25167.0,168,0,0,2026-08-12T08:35:52Z,100,1,1,1521,4,4,0
@babel/preset-typescript,2026-06-17T09:45:25.966Z,4,1468671688.0,115,5982,592,2026-08-16T08:21:06Z,100,12,43985,18608,0,60,0
@angular/cdk,2026-08-12T21:11:13.382Z,2,165976291.0,702,6838,1195,2026-08-15T09:43:23Z,100,14,25035,15469,1,4,0
@axiomify/cli,2026-08-14T17:48:21.974Z,1,3571.0,18,0,0,2026-08-14T17:49:16Z,100,3,3,426,2,2,0
@aws-amplify/cli,2026-06-25T13:10:49.391Z,6,14533274.0,1659,823,732,2026-08-12T15:17:08Z,100,16,2873,7093,4,52,0
@babel/helper-compilation-targets,2026-06-16T13:32:12.251Z,4,4847043844.0,95,5982,592,2026-08-16T08:21:06Z,100,12,43985,18608,0,61,0
@apollo/utils.removealiases,2023-04-17T22:53:29.885Z,5,129506531.0,4,14,8,2026-08-15T08:58:17Z,100,9,42,430,1,1217,0
@ag-grid-community/csv-export,2025-08-13T09:29:02.211Z,3,13936704.0,80,2080,83,2026-08-16T09:35:11Z,100,14,15544,46871,0,368,0
@ag-grid-enterprise/core,2025-08-13T09:29:32.147Z,3,14920143.0,81,2080,83,2026-08-16T09:35:11Z,100,14,15544,46871,0,368,0
@angular-devkit/schematics,2026-08-13T16:33:49.591Z,2,742132202.0,1038,11846,263,2026-08-14T16:05:58Z,100,9,27017,18651,2,3,0
@browserbasehq/stagehand,2026-08-14T00:07:52.595Z,8,35134749.0,958,1647,96,2026-08-16T02:12:40Z,100,11,23953,1442,0,2,0
@clerk/testing,2026-08-14T23:49:56.072Z,6,14155892.0,4382,467,32,2026-08-16T03:10:09Z,100,22,1734,9580,0,2,0
@cocaxcode/api-testing-mcp,2026-05-02T17:53:52.789Z,1,9235.0,55,2,0,2026-05-02T18:11:17Z,54,2,4,54,106,106,0
@electric-sql/pglite-pgtap,2026-08-13T13:59:21.213Z,4,930614.0,6,430,120,2026-08-13T13:59:42Z,100,22,15834,503,3,3,0
@edsdk/n1ed-react,2024-09-23T10:30:31.125Z,2,516120779.0,20,1,2,2023-06-19T19:34:03Z,16,1,3,16,1154,692,1
@expo/fingerprint,2026-08-10T15:49:29.089Z,12,183634360.0,242,13476,284,2026-08-16T09:07:15Z,100,29,51626,33861,0,6,0
@electric-sql/pglite-pg_ivm,2026-08-13T13:59:14.438Z,4,976973.0,6,430,120,2026-08-13T13:59:42Z,100,22,15834,503,3,3,0
@graphile/logger,2026-06-29T16:14:18.846Z,2,7800468.0,3,2,0,2026-06-29T16:13:26Z,24,1,10,24,48,48,0
@copilotkit/aimock,2026-08-04T20:25:28.286Z,1,9327168.0,63,47,4,2026-08-15T17:22:48Z,100,2,742,1337,1,12,0
@fastify/websocket,2026-07-08T15:37:08.927Z,7,42536332.0,27,83,9,2026-08-10T07:54:18Z,100,26,468,329,6,39,0
@codeminity/fetch,2026-08-10T20:49:28.088Z,2,1987.0,13,0,1,2026-08-16T10:44:03Z,100,1,1,224,0,6,0
@farmfe/core,2025-08-04T01:56:06.901Z,3,274485.0,280,192,171,2026-06-14T13:57:04Z,100,17,5592,1268,63,377,0
@cypress/webpack-preprocessor,2026-08-10T16:57:22.677Z,1,69459538.0,81,3645,1013,2026-08-16T01:39:51Z,100,12,50974,23327,0,6,0
@electric-sql/pglite-pg_uuidv7,2026-08-13T13:59:18.892Z,4,985380.0,6,430,120,2026-08-13T13:59:42Z,100,22,15834,503,3,3,0
@google-cloud/logging-min,2026-06-04T21:49:15.742Z,2,7283327.0,55,700,489,2026-08-15T01:09:48Z,100,16,3192,45639,1,73,0
@formatjs/ecma402-abstract,2026-03-19T01:48:14.722Z,3,618979310.0,94,1390,1,2026-08-16T01:58:11Z,100,4,14742,6878,0,150,0
@electric-sql/pglite-pg_textsearch,2026-08-13T13:59:22.105Z,4,985537.0,7,430,120,2026-08-13T13:59:42Z,100,22,15834,503,3,3,0
@graphql-hive/cli,2026-08-12T06:54:51.115Z,5,6870690.0,6887,145,203,2026-08-15T06:31:44Z,100,12,484,6536,1,4,0
@develar/schema-utils,2020-03-11T10:33:05.126Z,1,63113625.0,2,40,3,2026-08-12T19:58:41Z,100,11,250,206,4,2349,0
@flmngr/flmngr-server-node-express,2023-08-25T14:40:38.740Z,2,253737502.0,4,1,4,2023-08-25T14:41:04Z,6,0,0,6,1087,1087,1
@floating-ui/vue,2026-07-11T08:41:33.061Z,2,74596671.0,25,1695,32,2026-08-09T10:46:11Z,100,21,32698,2445,7,36,0
@graphql-codegen/cli,2026-07-06T14:03:27.746Z,5,261820522.0,6082,1402,488,2026-08-12T12:34:58Z,100,13,11266,8722,4,41,0
@compodoc/compodoc,2026-06-28T15:17:50.989Z,1,23563690.0,60,410,31,2026-08-14T18:51:32Z,100,2,4120,3293,2,49,0
@cspell/dict-vue,2025-07-09T18:55:21.047Z,1,55639308.0,6,262,46,2026-08-15T20:15:24Z,100,15,286,5195,1,403,0
@graphiql/plugin-history,2026-05-11T14:07:03.255Z,5,11375881.0,122,1850,337,2026-08-11T01:11:23Z,100,11,16897,4237,5,97,0
@csstools/color-helpers,2026-08-15T16:44:34.927Z,3,1409600664.0,19,83,9,2026-08-15T16:58:37Z,100,2,1051,5161,1,1,0
@expo/config-plugins,2026-08-14T14:28:58.911Z,12,316258671.0,349,13476,284,2026-08-16T09:07:15Z,100,29,51626,33861,0,2,0
@codegenie/serverless-express,2026-04-16T07:58:56.383Z,1,22069289.0,24,675,96,2026-04-16T07:58:53Z,100,16,5263,544,122,122,0
@forwardimpact/libcodegen,2026-07-18T17:47:19.194Z,1,6294.0,35,0,30,2026-08-16T04:17:46Z,100,2,4,3488,0,29,0
@fortawesome/angular-fontawesome,2026-07-02T19:27:28.242Z,8,12654623.0,42,165,14,2026-07-02T19:27:56Z,100,13,1533,282,45,45,0
@graphiql/plugin-doc-explorer,2026-05-11T14:07:03.301Z,5,11199771.0,121,1850,337,2026-08-11T01:11:23Z,100,11,16897,4237,5,97,0
@go-task/cli,2026-07-02T18:52:39.914Z,3,1072742.0,58,883,123,2026-08-16T00:24:20Z,100,29,15976,2853,0,45,0
@duckdb/duckdb-wasm,2026-06-22T05:45:39.386Z,2,9767046.0,446,224,157,2026-07-28T09:43:35Z,100,7,2100,3161,19,55,0
@graphql-eslint/eslint-plugin,2026-08-03T17:13:56.592Z,2,52512442.0,889,113,46,2026-08-03T17:12:53Z,100,10,831,2474,13,13,0
@foxglove/ws-protocol,2025-03-13T19:53:07.144Z,2,457538.0,28,89,0,2025-08-05T22:05:49Z,100,8,150,701,376,521,1
@expo/cli,2026-08-14T14:26:53.784Z,12,197847373.0,493,13476,284,2026-08-16T09:07:15Z,100,29,51626,33861,0,2,0
@factorialco/shadowdog,2026-04-21T09:49:25.534Z,7,1216649.0,44,0,4,2026-04-21T09:48:53Z,93,6,7,93,117,117,0
@csstools/css-parser-algorithms,2026-01-14T07:20:09.455Z,3,1589929822.0,24,83,9,2026-08-15T16:58:37Z,100,2,1051,5161,1,214,0
@eslint/markdown,2026-07-01T13:28:44.339Z,2,32369088.0,22,90,17,2026-08-13T16:15:55Z,100,15,578,613,3,46,0
@cypress/request,2026-05-28T13:26:21.179Z,1,362451595.0,24,21,9,2026-08-14T19:35:05Z,100,21,14,2371,2,80,0
@clack/core,2026-07-03T22:59:17.216Z,7,357451327.0,52,212,59,2026-08-15T15:59:32Z,100,25,8000,646,1,44,0
@csstools/css-syntax-patches-for-csstree,2026-08-15T16:44:40.024Z,3,660519508.0,39,83,9,2026-08-15T16:58:37Z,100,2,1051,5161,1,1,0
@expo/bunyan,2024-08-07T20:24:57.514Z,12,56684231.0,10,503,230,2023-09-18T16:20:50Z,100,29,7206,713,1063,739,1
@csstools/css-calc,2026-07-22T16:17:20.299Z,3,1440166868.0,32,83,9,2026-08-15T16:58:37Z,100,2,1051,5161,1,25,0
@developerehsan/api-client,2026-08-10T18:30:09.629Z,1,776.0,4,0,0,2026-08-15T12:35:32Z,85,3,0,85,1,6,0
@graphiql/react,2026-06-11T16:26:13.712Z,5,35818636.0,479,1850,337,2026-08-11T01:11:23Z,100,11,16897,4237,5,66,0
@google-cloud/logging-winston,2026-08-12T18:22:16.099Z,1,29337668.0,68,700,489,2026-08-15T01:09:48Z,100,16,3192,45639,1,4,0
@darraghor/eslint-plugin-nestjs-typed,2026-08-15T11:20:22.821Z,1,4980761.0,304,52,1,2026-08-16T09:12:53Z,100,4,225,840,0,1,0
@graphql-inspector/cli,2026-04-30T21:55:34.042Z,4,12658503.0,1083,216,95,2026-06-17T13:47:38Z,100,15,1757,2412,60,108,0
@expo/package-manager,2026-07-15T10:00:01.161Z,12,208226740.0,258,13476,284,2026-08-16T09:07:15Z,100,29,51626,33861,0,32,0
@csstools/selector-specificity,2026-01-14T07:14:43.064Z,3,660698732.0,16,83,9,2026-08-15T16:58:37Z,100,2,1051,5161,1,214,0
@firtoz/hono-fetcher,2026-06-02T18:57:19.736Z,1,10574.0,18,0,0,2026-08-12T06:44:33Z,100,2,6,542,4,75,0
@formkit/auto-animate,2026-07-10T16:00:46.008Z,4,32993698.0,20,258,38,2026-07-10T16:08:00Z,100,17,13901,395,37,37,0
@electric-sql/pglite-pgvector,2026-08-13T13:59:13.220Z,4,1280684.0,6,430,120,2026-08-13T13:59:42Z,100,22,15834,503,3,3,0
@csstools/media-query-list-parser,2026-01-14T07:28:36.164Z,3,384774180.0,27,83,9,2026-08-15T16:58:37Z,100,2,1051,5161,1,214,0
@graphiql/toolkit,2026-06-11T16:26:13.365Z,5,36342249.0,109,1850,337,2026-08-11T01:11:23Z,100,11,16897,4237,5,66,0
@expo/prebuild-config,2026-08-14T14:26:49.559Z,12,220908300.0,356,13476,284,2026-08-16T09:07:15Z,100,29,51626,33861,0,2,0
@docusaurus/core,2026-07-10T18:20:46.528Z,4,42856324.0,2118,9998,293,2026-08-13T14:19:29Z,100,30,65931,6742,3,37,0
@clack/prompts,2026-07-03T22:59:17.556Z,7,359496032.0,56,212,59,2026-08-15T15:59:32Z,100,25,8000,646,1,44,0
@effect-ak/tg-bot-client,2026-08-15T15:47:29.595Z,1,65965.0,44,3,1,2026-08-15T15:47:34Z,100,2,29,149,1,1,0
@clerk/express,2026-08-14T23:49:45.326Z,6,8048416.0,4405,467,32,2026-08-16T03:10:09Z,100,22,1734,9580,0,2,0
@farmfe/utils,2024-02-06T07:58:34.456Z,3,468339.0,6,192,171,2026-06-14T13:57:04Z,100,17,5592,1268,63,922,0
@envelop/core,2026-02-11T13:53:40.836Z,3,240427962.0,1817,132,89,2026-02-25T15:41:24Z,100,8,828,2340,172,186,0
@golevelup/ts-jest,2026-03-18T20:15:21.180Z,3,25006840.0,32,299,1,2026-08-14T21:03:21Z,100,10,2734,805,2,151,0
@doeixd/dom,2026-07-17T13:38:55.034Z,1,1865.0,10,0,0,2026-07-17T13:36:32Z,66,1,1,66,30,30,0
@expo/xcpretty,2026-05-06T22:08:54.192Z,12,171750617.0,35,473,0,2023-12-30T13:33:59Z,100,14,2668,5332,960,102,1
@floating-ui/react-dom,2026-07-11T08:41:32.791Z,2,2163201206.0,52,1695,32,2026-08-09T10:46:11Z,100,21,32698,2445,7,36,0
@fly/sprites,2026-08-05T15:13:47.681Z,3,1033587.0,7,5,1,2026-08-06T18:21:55Z,57,5,33,57,10,11,0
@eleven-labs/nest-profiler-http,2026-08-14T16:15:52.173Z,1,1714.0,12,0,4,2026-08-14T16:22:37Z,100,3,5,232,2,2,0
@codeminity/axios,2026-08-10T20:49:28.560Z,2,3572.0,20,0,1,2026-08-16T10:44:03Z,100,1,1,224,0,6,0
@commitlint/config-conventional,2026-08-13T09:37:46.194Z,4,296745419.0,108,969,79,2026-08-16T10:12:16Z,100,6,18694,3448,0,3,0
@electric-sql/pglite-age,2026-08-13T13:59:15.051Z,4,910229.0,6,430,120,2026-08-13T13:59:42Z,100,22,15834,503,3,3,0
@csstools/css-color-parser,2026-08-15T16:45:45.317Z,3,1407037680.0,53,83,9,2026-08-15T16:58:37Z,100,2,1051,5161,1,1,0
@cucumber/cucumber,2026-08-04T07:20:28.681Z,1,94159291.0,82,1115,32,2026-08-15T07:08:17Z,100,9,5381,2300,1,12,0
@graphql-inspector/audit-command,2026-04-30T21:55:18.414Z,4,11954805.0,904,216,95,2026-06-17T13:47:38Z,100,15,1757,2412,60,108,0
@csstools/css-tokenizer,2026-01-14T07:14:15.368Z,3,1573154746.0,23,83,9,2026-08-15T16:58:37Z,100,2,1051,5161,1,214,0
@electric-sql/pglite-tools,2026-08-13T14:02:47.985Z,4,180335611.0,34,430,120,2026-08-13T13:59:42Z,100,22,15834,503,3,3,0
@gatsbyjs/webpack-hot-middleware,2022-03-29T20:59:12.599Z,3,11709311.0,3,3,0,2022-11-18T13:01:29Z,100,15,3,349,1367,1601,1
@code-yeongyu/comment-checker,2026-05-18T09:38:13.565Z,1,1864230.0,9,6,0,2026-05-18T09:24:29Z,46,1,20,46,90,90,0
@emotion/babel-plugin,2024-11-20T07:58:28.177Z,2,761680092.0,24,1136,309,2026-05-06T07:42:22Z,100,36,18016,1865,102,634,0
@geekvetica/nx-astro,2026-05-11T16:04:04.255Z,1,14377.0,13,2,1,2026-08-10T03:09:03Z,100,2,5,139,6,97,0
@dxtmisha/functional-basic,2026-08-13T15:45:55.849Z,1,14453.0,72,0,0,2026-08-15T17:29:38Z,100,1,0,1298,1,3,0
@floating-ui/react,2026-07-11T08:41:33.223Z,2,632266808.0,84,1695,32,2026-08-09T10:46:11Z,100,21,32698,2445,7,36,0
@cleverbrush/client,2026-08-07T17:22:51.755Z,1,8068.0,60,0,0,2026-08-07T17:24:48Z,100,2,15,989,9,9,0
@fastergeo/rules,2026-08-04T02:52:59.648Z,1,1174.0,4,0,0,2026-08-06T04:18:54Z,100,1,0,103,10,12,0
@commitlint/cli,2026-08-13T09:38:48.925Z,4,315463310.0,166,969,79,2026-08-16T10:12:16Z,100,6,18694,3448,0,3,0
@electric-sql/pglite,2026-08-13T14:04:24.610Z,4,295233462.0,75,430,120,2026-08-13T13:59:42Z,100,22,15834,503,3,3,0
@expo/config-types,2026-07-15T10:02:43.596Z,12,282071200.0,253,13476,284,2026-08-16T09:07:15Z,100,29,51626,33861,0,32,0
@cfcs/core,2023-02-24T13:04:35.303Z,1,17452305.0,28,3,0,2025-07-24T02:02:42Z,12,3,119,12,388,1269,1
@google-cloud/logging,2026-08-12T18:24:28.980Z,1,124423732.0,164,700,489,2026-08-15T01:09:48Z,100,16,3192,45639,1,4,0
@graphql-codegen/core,2026-07-06T14:03:26.425Z,5,284577877.0,5075,1402,488,2026-08-12T12:34:58Z,100,13,11266,8722,4,41,0
@depup/vite,2026-08-09T00:37:22.331Z,1,2319.0,16,8652,505,2026-08-16T05:41:06Z,100,26,82362,9567,0,7,0
@fastify/error,2025-06-01T07:56:14.569Z,7,273656232.0,11,23,3,2026-08-07T16:04:03Z,100,18,135,158,9,441,0
@expo/config,2026-08-06T15:56:26.289Z,12,282078837.0,424,13476,284,2026-08-16T09:07:15Z,100,29,51626,33861,0,10,0
@electric-sql/pglite-socket,2026-08-13T14:06:46.509Z,4,136646468.0,37,430,120,2026-08-13T13:59:42Z,100,22,15834,503,3,3,0
@exodra/vite-plugin,2026-07-26T11:12:05.997Z,1,295.0,2,0,0,2026-07-27T21:56:13Z,13,1,1,13,20,21,0
@csstools/postcss-progressive-custom-properties,2026-08-15T16:45:53.348Z,3,298076117.0,27,83,9,2026-08-15T16:58:37Z,100,2,1051,5161,1,1,0
@d-fischer/isomorphic-ws,2024-02-20T21:28:53.822Z,1,17223783.0,9,1,0,2024-02-20T21:28:51Z,59,10,2,59,908,908,1
@electric-sql/pglite-pg_hashids,2026-08-13T13:59:16.827Z,4,984894.0,6,430,120,2026-08-13T13:59:42Z,100,22,15834,503,3,3,0
@covalent/http,2022-06-27T23:18:20.000Z,4,9883.0,67,353,80,2026-08-08T02:41:33Z,100,6,2223,2828,8,1511,0
@fe-fast/unused-css-pruner,2025-07-25T10:29:26.317Z,1,9917.0,4,0,0,2025-07-25T10:29:40Z,9,0,3,9,387,387,1
@eslint/js,2026-02-06T22:34:56.290Z,2,4360524090.0,88,5161,99,2026-08-16T10:05:46Z,100,33,27456,10973,0,191,0
@intlify/vue-i18n-extensions,2026-05-23T12:25:10.055Z,2,26061378.0,27,12,4,2026-08-14T20:59:40Z,100,5,102,345,2,85,0
@graphql-inspector/json-loader,2024-05-26T15:01:55.568Z,4,15952000.0,264,216,95,2026-06-17T13:47:38Z,100,15,1757,2412,60,812,0
@kubb/plugin-client,2026-08-04T01:12:59.595Z,1,2968159.0,670,146,7,2026-08-15T15:01:10Z,100,6,1776,7630,1,12,0
@lancedb/lancedb,2026-08-10T09:06:51.794Z,5,20656006.0,160,1006,474,2026-08-15T15:07:56Z,100,27,11154,2811,1,6,0
@ng-bootstrap/ng-bootstrap,2026-06-22T14:29:40.045Z,6,32189857.0,161,1551,381,2026-06-22T14:39:41Z,100,17,8232,2552,55,55,0
@nestjs/throttler,2025-12-02T22:45:48.640Z,2,83730296.0,28,79,15,2026-08-12T17:54:48Z,100,1,698,2740,4,257,0
@jsonjoy.com/fs-node-builtins,2026-08-10T13:04:19.114Z,2,170153373.0,30,149,32,2026-08-10T13:01:54Z,100,5,2086,2194,6,6,0
@ls-lint/ls-lint,2025-06-04T10:09:45.345Z,1,5491163.0,35,45,39,2026-08-07T13:56:52Z,100,5,2409,851,9,438,0
@metamask/superstruct,2026-07-16T17:49:08.399Z,7,32453686.0,8,1,1,2026-07-16T17:34:15Z,100,19,3,977,31,31,0
@graphql-inspector/serve-command,2025-11-12T19:33:23.056Z,4,12267820.0,490,216,95,2026-06-17T13:47:38Z,100,15,1757,2412,60,277,0
@graphql-inspector/core,2026-04-30T21:55:18.642Z,4,38423156.0,850,216,95,2026-06-17T13:47:38Z,100,15,1757,2412,60,108,0
@libsql/core,2026-06-15T18:43:07.421Z,1,43523221.0,60,67,113,2026-06-15T18:39:51Z,100,12,574,683,62,62,0
@jest/core,2026-05-09T00:31:17.131Z,5,1890545574.0,169,6725,138,2026-08-16T09:23:25Z,100,28,45469,7724,0,99,0
@hey-api/openapi-ts,2026-06-22T06:38:34.730Z,1,91312233.0,745,422,459,2026-08-13T20:11:16Z,100,9,5264,8835,3,55,0
@hapi/mimos,2023-02-11T20:23:34.032Z,6,58102313.0,6,14,0,2024-10-23T21:34:46Z,84,11,20,84,662,1282,1
@hocuspocus/provider,2026-08-10T08:53:46.888Z,6,21917899.0,163,207,13,2026-08-10T20:42:25Z,100,8,2532,1993,6,6,0
@moq/qmux,2026-08-06T04:34:35.196Z,1,197961.0,14,59,15,2026-08-15T20:03:35Z,100,7,262,399,1,10,0
@imageforge/cli,2026-07-19T11:40:50.959Z,1,1323.0,10,0,0,2026-08-10T08:35:31Z,100,2,0,159,6,28,0
@libsql/client,2026-06-15T18:43:26.670Z,1,42775492.0,117,67,113,2026-06-15T18:39:51Z,100,12,574,683,62,62,0
@kubb/plugin-fetch,2026-07-14T16:48:45.452Z,1,6828.0,20,3,4,2026-08-14T14:43:55Z,100,3,5,1316,2,33,0
@mui/material,2026-08-06T09:30:28.365Z,10,384150547.0,261,32559,1380,2026-08-16T00:35:56Z,100,22,98821,28525,0,10,0
@mui/utils,2026-08-05T08:24:04.292Z,10,594437645.0,172,32559,1380,2026-08-16T00:35:56Z,100,22,98821,28525,0,11,0
@neondatabase/serverless,2026-04-17T14:01:05.102Z,6,75155810.0,79,79,26,2026-08-14T11:13:33Z,100,11,544,339,2,121,0
@graphql-yoga/typed-event-target,2025-01-16T15:27:20.985Z,5,58289504.0,908,595,106,2026-08-14T06:15:53Z,100,7,8530,3558,2,577,0
@jest-mock/express,2025-02-03T20:48:41.468Z,2,21309860.0,40,13,0,2026-02-17T09:48:28Z,100,4,52,302,180,559,0
@jsonjoy.com/fs-node,2026-08-10T13:04:31.634Z,2,167110971.0,31,149,32,2026-08-10T13:01:54Z,100,5,2086,2194,6,6,0
@microsoft/agent-host-protocol,2026-08-06T17:22:29.746Z,2,269592.0,8,60,28,2026-08-14T22:22:11Z,100,12,222,774,2,10,0
@graphql-inspector/git-loader,2024-05-26T15:01:56.311Z,4,15288696.0,299,216,95,2026-06-17T13:47:38Z,100,15,1757,2412,60,812,0
@hyperfrontend/builder,2026-08-10T04:56:11.858Z,1,898.0,5,1,0,2026-08-15T11:11:41Z,100,1,12,1931,1,6,0
@kurkle/color,2025-05-29T06:41:46.255Z,1,329867981.0,18,5,0,2026-05-28T17:22:08Z,100,4,39,198,80,444,0
@nestjs/terminus,2026-02-18T21:56:36.763Z,3,90931390.0,99,108,13,2026-08-10T19:03:58Z,100,4,742,3733,6,179,0
@graphql-tools/executor,2026-08-12T16:24:38.258Z,5,332140237.0,806,829,113,2026-08-14T21:56:17Z,100,10,5431,7457,2,4,0
@intlify/unplugin-vue-i18n,2026-08-14T14:49:33.472Z,2,31958190.0,86,46,38,2026-08-14T23:16:17Z,100,5,270,553,2,2,0
@graphql-inspector/commands,2025-11-12T19:33:23.293Z,4,20464159.0,423,216,95,2026-06-17T13:47:38Z,100,15,1757,2412,60,277,0
@logtail/core,2026-03-04T19:05:05.624Z,1,9473280.0,34,17,13,2026-07-17T11:37:43Z,100,13,73,241,30,165,0
@graphql-inspector/validate-command,2026-04-30T21:55:18.177Z,4,16080650.0,955,216,95,2026-06-17T13:47:38Z,100,15,1757,2412,60,108,0
@mkeen/rxhttp,2021-03-16T12:37:47.195Z,1,6226.0,119,2,1,2023-01-07T02:24:01Z,100,2,8,216,1317,1979,1
@mui/private-theming,2026-08-05T08:26:07.716Z,10,425424657.0,172,32559,1380,2026-08-16T00:35:56Z,100,22,98821,28525,0,11,0
@graphql-inspector/loaders,2025-11-12T08:44:22.775Z,4,19610693.0,430,216,95,2026-06-17T13:47:38Z,100,15,1757,2412,60,277,0
@mrzr/api-client,2026-08-03T10:02:56.598Z,1,845.0,5,0,0,2026-08-03T10:08:37Z,40,2,0,40,13,13,0
@loglayer/shared,2026-07-13T20:15:07.203Z,1,5632244.0,38,11,1,2026-07-13T20:15:38Z,100,3,535,627,34,34,0
@graphql-inspector/introspect-command,2026-04-30T21:55:17.891Z,4,12216221.0,926,216,95,2026-06-17T13:47:38Z,100,15,1757,2412,60,108,0
@isaacs/cliui,2026-02-05T18:40:56.258Z,1,3485021324.0,2,3,0,2026-02-05T18:57:07Z,100,14,2,140,192,192,0
@graphql-yoga/subscription,2025-04-15T11:10:42.650Z,5,58690927.0,1438,595,106,2026-08-14T06:15:53Z,100,7,8530,3558,2,488,0
@logtape/logtape,2026-08-12T07:35:03.812Z,1,5800881.0,443,54,8,2026-08-12T08:01:48Z,100,1,1962,1106,4,4,0
@graphql-inspector/url-loader,2024-05-26T15:02:01.006Z,4,12483551.0,264,216,95,2026-06-17T13:47:38Z,100,15,1757,2412,60,812,0
@graphql-inspector/code-loader,2024-05-26T15:01:54.797Z,4,15884626.0,268,216,95,2026-06-17T13:47:38Z,100,15,1757,2412,60,812,0
@mui/types,2026-08-05T08:26:02.119Z,10,545789509.0,58,32559,1380,2026-08-16T00:35:56Z,100,22,98821,28525,0,11,0
@neon/sdk,2026-08-09T11:29:06.394Z,2,1202376.0,12,12,2,2026-08-16T10:28:25Z,100,6,51,391,0,7,0
@graphql-inspector/github-loader,2024-05-26T15:01:54.868Z,4,12346923.0,265,216,95,2026-06-17T13:47:38Z,100,15,1757,2412,60,812,0
@iservice-dev/is-wp-plugin-kit,2026-06-19T08:03:47.738Z,2,7160.0,49,0,0,2026-07-06T06:20:00Z,100,3,1,117,41,58,0
@mswjs/interceptors,2026-07-24T08:48:24.562Z,1,656221391.0,197,168,24,2026-07-25T13:17:26Z,100,12,679,831,22,23,0
@logtail/node,2026-03-04T19:05:51.355Z,1,8513265.0,44,17,13,2026-07-17T11:37:43Z,100,13,73,241,30,165,0
@neutron-build/cli,2026-08-03T05:59:25.531Z,1,1431.0,10,0,0,2026-08-16T08:01:34Z,100,1,0,742,0,13,0
@hookform/resolvers,2026-08-15T10:30:43.392Z,3,1240078261.0,150,217,0,2026-08-15T10:29:28Z,100,37,2260,403,1,1,0
@httptoolkit/websocket-stream,2022-06-17T15:36:25.300Z,1,48569375.0,2,3,0,2022-06-17T15:33:21Z,100,15,3,234,1521,1521,1
@libsql/hrana-client,2026-04-22T09:30:40.381Z,1,41925280.0,43,11,3,2026-04-22T09:28:47Z,100,7,28,163,116,116,0
@kubb/plugin-axios,2026-07-14T16:48:44.977Z,1,4593.0,21,3,4,2026-08-14T14:43:55Z,100,3,5,1316,2,33,0
@neon/config-runtime,2026-08-09T11:27:45.289Z,2,1142538.0,20,12,2,2026-08-16T10:28:25Z,100,6,51,391,0,7,0
@loglayer/transport,2026-07-13T20:15:07.468Z,1,5452549.0,46,11,1,2026-07-13T20:15:38Z,100,3,535,627,34,34,0
@nest-lab/throttler-storage-redis,2026-02-03T17:15:55.465Z,1,10824639.0,4,20,12,2026-02-03T17:15:56Z,100,9,126,131,194,194,0
@graphql-inspector/docs-command,2025-11-12T19:33:23.203Z,4,12273381.0,442,216,95,2026-06-17T13:47:38Z,100,15,1757,2412,60,277,0
@jsonjoy.com/fs-node-utils,2026-08-10T13:07:28.900Z,2,168612187.0,30,149,32,2026-08-10T13:01:54Z,100,5,2086,2194,6,6,0
@libsql/isomorphic-ws,2023-09-11T09:29:13.322Z,1,38352845.0,7,7,3,2024-09-16T11:38:13Z,61,8,2,61,699,1070,1
@mdx-js/react,2025-08-29T18:02:56.462Z,4,626322690.0,119,1179,8,2026-08-14T02:14:27Z,100,13,19736,1792,2,352,0
@hominis/fireforge,2026-08-15T22:42:49.503Z,1,12631.0,78,0,0,2026-08-15T22:45:51Z,86,3,2,86,1,1,0
@graphql-inspector/diff-command,2026-04-30T21:55:18.044Z,4,19292274.0,927,216,95,2026-06-17T13:47:38Z,100,15,1757,2412,60,108,0
@mui/styled-engine,2026-08-05T08:22:49.172Z,10,415690941.0,157,32559,1380,2026-08-16T00:35:56Z,100,22,98821,28525,0,11,0
@mdx-js/loader,2025-08-29T18:03:05.606Z,4,51823488.0,218,1179,8,2026-08-14T02:14:27Z,100,13,19736,1792,2,352,0
@lingui/babel-plugin-lingui-macro,2026-07-24T13:52:40.600Z,2,19941463.0,43,450,48,2026-08-14T09:54:25Z,100,25,5845,2737,2,23,0
@graphql-inspector/similar-command,2026-04-30T21:55:17.189Z,4,12454715.0,925,216,95,2026-06-17T13:47:38Z,100,15,1757,2412,60,108,0
@jsonjoy.com/fs-core,2026-08-10T13:03:04.412Z,2,171013686.0,31,149,32,2026-08-10T13:01:54Z,100,5,2086,2194,6,6,0
@neon/env,2026-08-16T08:58:23.397Z,2,1139634.0,27,12,2,2026-08-16T10:28:25Z,100,6,51,391,0,0,0
@logtail/types,2026-03-04T19:04:11.037Z,1,9661402.0,25,17,13,2026-07-17T11:37:43Z,100,13,73,241,30,165,0
@jsonjoy.com/codegen,2026-06-02T17:38:34.294Z,2,479260620.0,34,26,219,2026-06-02T11:51:36Z,100,2,1084,6337,75,75,0
@graphql-inspector/graphql-loader,2024-05-26T15:01:55.596Z,4,15459296.0,264,216,95,2026-06-17T13:47:38Z,100,15,1757,2412,60,812,0
@graphql-tools/relay-operation-optimizer,2026-08-12T16:31:43.667Z,5,395578538.0,1486,829,113,2026-08-14T21:56:17Z,100,10,5431,7457,2,4,0
@messageflow/build,2018-05-06T03:54:32.303Z,1,1187.0,22,0,2,2018-05-29T06:35:50Z,72,1,0,72,3001,3024,1
@netlify/database-dev,2026-04-27T10:19:34.334Z,5,3237734.0,4,17,5,2026-08-14T16:18:17Z,100,12,25,603,2,111,0
@neon/config,2026-08-09T11:22:12.694Z,2,1098745.0,19,12,2,2026-08-16T10:28:25Z,100,6,51,391,0,7,0
@logdna/tail-file,2024-04-11T18:17:40.964Z,3,51680513.0,21,10,1,2024-04-11T18:17:39Z,58,5,37,58,857,857,1
@inlang/paraglide-js,2026-08-15T18:23:47.722Z,2,9626694.0,160,27,28,2026-08-15T18:19:51Z,100,7,638,2337,1,1,0
@mui/system,2026-08-05T08:22:10.374Z,10,430263751.0,232,32559,1380,2026-08-16T00:35:56Z,100,22,98821,28525,0,11,0
@libpg-query/parser,2026-04-09T21:27:59.797Z,1,3006427.0,16,31,7,2026-08-06T04:27:57Z,100,1,77,594,10,129,0
@octokit/graphql-schema,2025-11-24T14:42:25.586Z,3,11384527.0,462,62,6,2026-08-16T11:03:40Z,100,7,203,1057,0,265,0
@oxc-transform/binding-darwin-x64,2026-08-10T10:11:03.421Z,1,9534496.0,168,1202,538,2026-08-16T11:06:25Z,100,11,22336,19862,0,6,0
@opentelemetry/instrumentation-cassandra-driver,2026-07-23T17:57:33.171Z,6,226825564.0,58,689,191,2026-08-14T22:19:29Z,100,39,916,2829,2,24,0
@oxlint/binding-linux-riscv64-musl,2026-08-10T10:44:28.893Z,1,6453785.0,35,1202,538,2026-08-16T11:06:25Z,100,11,22336,19862,0,6,0
@rolldown/binding-freebsd-x64,2026-08-12T10:35:34.077Z,4,32513864.0,466,1020,254,2026-08-16T09:30:45Z,100,20,13883,7627,0,4,0
@orangeopensource/hurl,2026-07-27T18:08:13.342Z,1,188528.0,41,738,200,2026-08-15T08:14:02Z,100,7,19143,4486,1,20,0
@rolldown/binding-linux-s390x-gnu,2026-08-12T10:48:36.913Z,4,21913935.0,28,1020,254,2026-08-16T09:30:45Z,100,20,13883,7627,0,4,0
@rolldown/binding-linux-arm64-musl,2026-08-12T10:34:59.790Z,4,56841878.0,606,1020,254,2026-08-16T09:30:45Z,100,20,13883,7627,0,4,0
@oxc-transform/binding-linux-x64-gnu,2026-08-10T10:16:25.535Z,1,93277850.0,168,1202,538,2026-08-16T11:06:25Z,100,11,22336,19862,0,6,0
@pollyjs/node-server,2023-07-20T16:37:35.198Z,2,7082326.0,30,353,44,2025-05-31T22:29:19Z,100,16,10250,372,442,1123,1
@rolldown/binding-win32-x64-msvc,2026-08-12T10:34:13.170Z,4,66818040.0,605,1020,254,2026-08-16T09:30:45Z,100,20,13883,7627,0,4,0
@opentelemetry/instrumentation-pino,2026-07-23T17:57:48.568Z,6,249035847.0,66,689,191,2026-08-14T22:19:29Z,100,39,916,2829,2,24,0
@oxc-parser/binding-linux-x64-gnu,2026-08-10T10:17:01.557Z,1,385531001.0,180,1202,538,2026-08-16T11:06:25Z,100,11,22336,19862,0,6,0
@oxc-transform/binding-darwin-arm64,2026-08-10T10:09:54.852Z,1,12505515.0,169,1202,538,2026-08-16T11:06:25Z,100,11,22336,19862,0,6,0
@oxc-transform/binding-linux-x64-musl,2026-08-10T10:14:28.291Z,1,63405981.0,168,1202,538,2026-08-16T11:06:25Z,100,11,22336,19862,0,6,0
@oxc-parser/binding-linux-x64-musl,2026-08-10T10:16:05.309Z,1,250891678.0,179,1202,538,2026-08-16T11:06:25Z,100,11,22336,19862,0,6,0
@oxlint/binding-darwin-arm64,2026-08-10T10:58:18.659Z,1,14237618.0,36,1202,538,2026-08-16T11:06:25Z,100,11,22336,19862,0,6,0
@oxlint/binding-darwin-x64,2026-08-10T10:44:42.061Z,1,10402882.0,35,1202,538,2026-08-16T11:06:25Z,100,11,22336,19862,0,6,0
@pinia/nuxt,2026-08-12T12:19:04.112Z,2,30356292.0,56,1202,15,2026-08-12T12:18:07Z,100,22,14698,2280,4,4,0
@oxc-transform/binding-linux-arm64-gnu,2026-08-10T10:10:08.363Z,1,13347559.0,169,1202,538,2026-08-16T11:06:25Z,100,11,22336,19862,0,6,0
@npora/request,2026-08-11T10:14:51.795Z,1,3979.0,28,0,0,2026-08-14T22:06:15Z,100,3,0,163,2,5,0
@react-native-firebase/app,2026-08-10T13:49:48.317Z,4,49280823.0,313,2322,29,2026-08-14T14:29:29Z,100,12,12302,6820,2,6,0
@openfeature/server-sdk,2026-07-28T19:21:25.452Z,4,123160249.0,36,68,21,2026-08-12T20:43:29Z,100,19,275,1134,4,19,0
@opentelemetry/winston-transport,2026-07-23T17:44:43.209Z,6,44518142.0,35,689,191,2026-08-14T22:19:29Z,100,39,916,2829,2,24,0
@pothos/core,2026-07-08T23:27:08.762Z,1,10115850.0,111,183,48,2026-08-07T03:31:02Z,100,7,2608,3188,9,39,0
@redocly/cli,2026-08-11T08:25:20.120Z,5,59762373.0,635,226,135,2026-08-16T10:57:35Z,100,19,1500,2258,0,5,0
@oxc-transform/binding-linux-arm64-musl,2026-08-10T10:10:12.699Z,1,11290652.0,169,1202,538,2026-08-16T11:06:25Z,100,11,22336,19862,0,6,0
@pmmmwh/react-refresh-webpack-plugin,2025-11-26T02:49:52.455Z,1,390584630.0,71,201,40,2026-08-13T23:01:05Z,100,3,3189,1006,3,263,0
@rolldown/binding-linux-arm64-gnu,2026-08-12T10:34:46.483Z,4,77424311.0,606,1020,254,2026-08-16T09:30:45Z,100,20,13883,7627,0,4,0
@openpromo/sdk-runtime,2026-08-15T22:49:17.651Z,1,1550.0,7,0,0,2026-08-15T22:50:06Z,100,3,3,193,1,1,0
@op-engineering/op-sqlite,2026-08-14T14:26:11.031Z,1,2937515.0,208,86,3,2026-08-14T14:24:52Z,100,8,1031,1207,2,2,0
@opentelemetry/instrumentation-express,2026-07-23T17:57:33.961Z,6,643297761.0,74,689,191,2026-08-14T22:19:29Z,100,39,916,2829,2,24,0
@redocly/openapi-core,2026-08-11T08:27:20.421Z,5,227601756.0,716,226,135,2026-08-16T10:57:35Z,100,19,1500,2258,0,5,0
@ostico/bruno-mcp,2026-08-14T15:27:49.542Z,1,2157.0,13,0,0,2026-08-14T15:25:35Z,100,1,2,589,2,2,0
@oxc-transform/binding-freebsd-x64,2026-08-10T10:11:12.495Z,1,8553796.0,86,1202,538,2026-08-16T11:06:25Z,100,11,22336,19862,0,6,0
@oxlint/binding-win32-x64-msvc,2026-08-10T10:44:48.187Z,1,12997043.0,35,1202,538,2026-08-16T11:06:25Z,100,11,22336,19862,0,6,0
@oxc-transform/binding-linux-riscv64-musl,2026-08-10T10:10:49.750Z,1,5797477.0,38,1202,538,2026-08-16T11:06:25Z,100,11,22336,19862,0,6,0
@oxc-transform/binding-win32-x64-msvc,2026-08-10T10:11:07.811Z,1,11730857.0,168,1202,538,2026-08-16T11:06:25Z,100,11,22336,19862,0,6,0
@oxlint/binding-linux-riscv64-gnu,2026-08-10T10:44:22.637Z,1,6414160.0,35,1202,538,2026-08-16T11:06:25Z,100,11,22336,19862,0,6,0
@oxc-transform/binding-android-arm-eabi,2026-08-10T10:10:21.239Z,1,5847833.0,38,1202,538,2026-08-16T11:06:25Z,100,11,22336,19862,0,6,0
@oxlint/binding-linux-s390x-gnu,2026-08-10T10:44:36.103Z,1,6560642.0,35,1202,538,2026-08-16T11:06:25Z,100,11,22336,19862,0,6,0
@oxlint/binding-linux-arm64-musl,2026-08-10T10:43:41.258Z,1,12423496.0,36,1202,538,2026-08-16T11:06:25Z,100,11,22336,19862,0,6,0
@rolldown/binding-linux-x64-musl,2026-08-12T10:34:26.570Z,4,663002893.0,606,1020,254,2026-08-16T09:30:45Z,100,20,13883,7627,0,4,0
@opentelemetry/exporter-logs-otlp-grpc,2026-07-21T20:05:57.016Z,6,393378911.0,56,1142,194,2026-08-14T21:57:36Z,100,24,3439,3448,2,26,0
@oxlint/binding-linux-arm-musleabihf,2026-08-10T10:44:04.347Z,1,6578073.0,36,1202,538,2026-08-16T11:06:25Z,100,11,22336,19862,0,6,0
@oxlint/binding-android-arm64,2026-08-10T10:43:12.922Z,1,6528555.0,36,1202,538,2026-08-16T11:06:25Z,100,11,22336,19862,0,6,0
@oxlint/binding-linux-arm-gnueabihf,2026-08-10T10:43:59.131Z,1,6287522.0,36,1202,538,2026-08-16T11:06:25Z,100,11,22336,19862,0,6,0
@oxc-transform/binding-linux-arm-gnueabihf,2026-08-10T10:10:25.504Z,1,8595155.0,107,1202,538,2026-08-16T11:06:25Z,100,11,22336,19862,0,6,0
@npmcli/map-workspaces,2026-05-22T17:05:37.108Z,3,246599919.0,27,12,0,2026-07-02T03:43:00Z,100,7,25,206,45,86,0
@oclif/core,2026-08-14T21:58:28.678Z,2,293834102.0,477,96,13,2026-08-14T21:55:11Z,100,8,313,2032,2,2,0
@npmcli/node-gyp,2026-05-08T18:40:37.970Z,3,494669666.0,9,5,2,2026-07-02T05:12:48Z,98,12,8,98,45,100,0
@open-draft/logger,2023-04-14T17:41:39.768Z,1,523662283.0,6,0,5,2023-04-14T17:41:49Z,36,1,19,36,1220,1220,1
@oxc-transform/binding-openharmony-arm64,2026-08-10T10:10:17.054Z,1,6195302.0,43,1202,538,2026-08-16T11:06:25Z,100,11,22336,19862,0,6,0
@rolldown/binding-android-arm64,2026-08-12T10:36:20.673Z,4,32773768.0,81,1020,254,2026-08-16T09:30:45Z,100,20,13883,7627,0,4,0
@pact-foundation/pact,2026-08-11T09:36:23.602Z,5,21158964.0,218,357,91,2026-08-14T18:53:49Z,100,7,1799,3429,2,5,0
@remotion/bundler,2026-08-14T17:08:50.617Z,1,19367496.0,1266,4240,191,2026-08-16T10:59:22Z,100,10,56443,35032,0,2,0
@rolldown/binding-wasm32-wasi,2026-08-12T10:36:26.750Z,4,42319465.0,573,1020,254,2026-08-16T09:30:45Z,100,20,13883,7627,0,4,0
@oxlint/binding-openharmony-arm64,2026-08-10T10:43:47.808Z,1,6341428.0,36,1202,538,2026-08-16T11:06:25Z,100,11,22336,19862,0,6,0
@rolldown/binding-linux-x64-gnu,2026-08-12T10:34:19.695Z,4,924465227.0,606,1020,254,2026-08-16T09:30:45Z,100,20,13883,7627,0,4,0
@oxc-transform/binding-android-arm64,2026-08-10T10:09:59.207Z,1,8451526.0,79,1202,538,2026-08-16T11:06:25Z,100,11,22336,19862,0,6,0
@oxc-transform/binding-linux-s390x-gnu,2026-08-10T10:10:54.441Z,1,8562695.0,86,1202,538,2026-08-16T11:06:25Z,100,11,22336,19862,0,6,0
@nktkas/rews,2026-07-06T16:28:32.602Z,1,3472010.0,18,1,0,2026-07-21T14:38:48Z,94,3,1,94,26,41,0
@oxc-transform/binding-linux-riscv64-gnu,2026-08-10T10:10:45.310Z,1,8407413.0,86,1202,538,2026-08-16T11:06:25Z,100,11,22336,19862,0,6,0
@oxc-transform/binding-win32-arm64-msvc,2026-08-10T10:10:03.948Z,1,8912938.0,169,1202,538,2026-08-16T11:06:25Z,100,11,22336,19862,0,6,0
@oxlint/binding-linux-arm64-gnu,2026-08-10T10:45:36.209Z,1,19660312.0,36,1202,538,2026-08-16T11:06:25Z,100,11,22336,19862,0,6,0
@pinia/testing,2026-07-15T08:38:23.086Z,1,37111185.0,31,1202,15,2026-08-12T12:18:07Z,100,22,14698,2280,4,32,0
@rolldown/binding-openharmony-arm64,2026-08-12T10:35:06.317Z,4,32415903.0,63,1020,254,2026-08-16T09:30:45Z,100,20,13883,7627,0,4,0
@openclaw/libterminal,2026-07-15T08:37:52.089Z,2,2273027.0,8,6,1,2026-08-14T17:17:07Z,76,3,4,76,2,32,0
@oxlint/binding-freebsd-x64,2026-08-10T10:44:54.940Z,1,6504215.0,35,1202,538,2026-08-16T11:06:25Z,100,11,22336,19862,0,6,0
@rolldown/binding-darwin-x64,2026-08-12T10:33:04.684Z,4,42432052.0,606,1020,254,2026-08-16T09:30:45Z,100,20,13883,7627,0,4,0
@rolldown/binding-linux-ppc64-gnu,2026-08-12T10:35:39.926Z,4,21617242.0,28,1020,254,2026-08-16T09:30:45Z,100,20,13883,7627,0,4,0
@oxlint/binding-win32-ia32-msvc,2026-08-10T10:44:09.793Z,1,6490944.0,36,1202,538,2026-08-16T11:06:25Z,100,11,22336,19862,0,6,0
@rolldown/plugin-babel,2026-04-13T15:32:36.736Z,4,33938478.0,12,5,3,2026-08-15T17:42:46Z,100,8,18,147,1,125,0
@react-native/babel-plugin-codegen,2026-08-11T13:36:25.062Z,2,295467889.0,1135,25217,677,2026-08-15T13:15:47Z,100,42,126359,41382,1,5,0
@react-native/babel-preset,2026-08-11T13:35:10.738Z,2,290320786.0,1141,25217,677,2026-08-15T13:15:47Z,100,42,126359,41382,1,5,0
@oxlint/binding-android-arm-eabi,2026-08-10T10:43:53.410Z,1,6552592.0,36,1202,538,2026-08-16T11:06:25Z,100,11,22336,19862,0,6,0
@opentelemetry/instrumentation-winston,2026-07-23T17:44:51.563Z,6,260156282.0,62,689,191,2026-08-14T22:19:29Z,100,39,916,2829,2,24,0
@react-email/render,2026-07-10T13:09:12.193Z,5,229166861.0,78,1075,3,2026-08-11T14:15:18Z,100,18,19613,2547,5,37,0
@ng-select/ng-select,2026-08-12T14:35:08.898Z,2,24991585.0,389,925,13,2026-08-12T14:30:40Z,100,15,3375,1295,4,4,0
@preliquify/cli,2025-12-15T07:56:57.975Z,1,97210.0,109,1,1,2025-12-15T07:55:53Z,24,3,4,24,244,244,0
@react-native-firebase/firestore,2026-08-10T13:46:53.015Z,4,5364723.0,325,2322,29,2026-08-14T14:29:29Z,100,12,12302,6820,2,6,0
@opentelemetry/instrumentation-bunyan,2026-07-23T19:03:59.045Z,6,255002872.0,60,689,191,2026-08-14T22:19:29Z,100,39,916,2829,2,24,0
@padosoft/openapi-client,2026-07-29T14:38:48.845Z,5,869.0,6,0,0,2026-08-11T12:04:08Z,100,2,0,335,5,18,0
@prisma/client,2026-07-27T13:48:42.625Z,4,392939641.0,10647,2521,2458,2026-08-14T17:12:15Z,100,5,47576,8124,2,20,0
@oxlint/plugins,2026-08-10T10:55:26.782Z,1,16420266.0,32,1202,538,2026-08-16T11:06:25Z,100,11,22336,19862,0,6,0
@oxc-transform/binding-linux-arm-musleabihf,2026-08-10T10:10:29.986Z,1,8134301.0,81,1202,538,2026-08-16T11:06:25Z,100,11,22336,19862,0,6,0
@ngx-translate/core,2026-06-09T14:41:26.332Z,2,62501404.0,40,589,90,2026-07-20T05:55:18Z,100,3,4660,798,27,68,0
@oxlint/binding-linux-x64-gnu,2026-08-10T10:47:08.430Z,1,145710004.0,35,1202,538,2026-08-16T11:06:25Z,100,11,22336,19862,0,6,0
@rolldown/binding-win32-arm64-msvc,2026-08-12T10:34:12.527Z,4,36918870.0,606,1020,254,2026-08-16T09:30:45Z,100,20,13883,7627,0,4,0
@oxlint/binding-win32-arm64-msvc,2026-08-10T10:43:18.280Z,1,8869632.0,36,1202,538,2026-08-16T11:06:25Z,100,11,22336,19862,0,6,0
@rolldown/binding-darwin-arm64,2026-08-12T10:35:53.323Z,4,64597348.0,606,1020,254,2026-08-16T09:30:45Z,100,20,13883,7627,0,4,0
@oxlint/binding-linux-ppc64-gnu,2026-08-10T10:44:16.586Z,1,6490171.0,36,1202,538,2026-08-16T11:06:25Z,100,11,22336,19862,0,6,0
@planetscale/database,2026-03-25T21:22:50.213Z,7,8863133.0,33,42,15,2026-08-07T16:01:04Z,100,16,1198,348,9,144,0
@rolldown/binding-linux-arm-gnueabihf,2026-08-12T10:34:40.631Z,4,33234141.0,606,1020,254,2026-08-16T09:30:45Z,100,20,13883,7627,0,4,0
@opentelemetry/instrumentation-graphql,2026-07-23T17:57:22.998Z,6,683345164.0,75,689,191,2026-08-14T22:19:29Z,100,39,916,2829,2,24,0
@reliverse/dler,2026-01-11T22:25:22.258Z,1,23235.0,269,0,0,2026-01-29T16:24:15Z,100,1,4,136,199,217,0
@oxlint/binding-linux-x64-musl,2026-08-10T10:47:14.572Z,1,66341607.0,35,1202,538,2026-08-16T11:06:25Z,100,11,22336,19862,0,6,0
@reduxjs/toolkit,2026-05-15T14:19:58.142Z,6,696674184.0,116,1293,221,2026-08-11T23:23:01Z,100,20,11225,4460,5,93,0
@tanstack/react-router,2026-08-14T22:14:57.435Z,3,359026742.0,1190,1795,275,2026-08-16T01:38:28Z,100,21,14943,6485,0,2,0
@standard-schema/spec,2025-12-15T20:49:46.431Z,2,1977328486.0,8,121,29,2026-07-13T18:32:50Z,100,26,3585,539,34,244,0
@shopify/graphql-client,2026-08-10T21:28:29.051Z,6,17683236.0,30,225,72,2026-08-10T21:29:25Z,100,9,536,6953,6,6,0
@shopify/shopify-api,2026-08-10T21:29:02.406Z,6,15117567.0,117,225,72,2026-08-10T21:29:25Z,100,9,536,6953,6,6,0
@swc/core-darwin-x64,2026-08-14T17:30:32.355Z,1,122276013.0,772,1538,355,2026-08-15T07:38:22Z,100,17,34177,12067,1,2,0
@swc/core-linux-arm-gnueabihf,2026-08-14T17:45:43.099Z,1,105559138.0,758,1538,355,2026-08-15T07:38:22Z,100,17,34177,12067,1,2,0
@swc/core-linux-arm64-gnu,2026-08-14T18:01:25.173Z,1,172421298.0,774,1538,355,2026-08-15T07:38:22Z,100,17,34177,12067,1,2,0
@testcontainers/redis,2026-08-04T10:11:45.335Z,1,24961081.0,67,266,0,2026-08-10T23:17:50Z,100,10,2587,1225,6,12,0
@skax/rollup-config,2026-05-16T14:14:12.028Z,1,7396.0,31,0,0,2026-08-16T01:28:35Z,87,1,0,87,0,92,0
@sap-cloud-sdk/http-client,2026-07-21T14:33:06.721Z,5,5147134.0,1568,70,45,2026-08-16T00:03:59Z,100,5,214,5254,0,26,0
@storybook/addon-docs,2026-08-13T13:54:59.817Z,12,555461867.0,3186,10391,1580,2026-08-14T20:44:33Z,100,5,90859,84640,2,3,0
@sharpee/devkit,2026-08-14T23:59:13.627Z,2,6241.0,37,2,56,2026-08-16T08:56:36Z,100,1,15,2226,0,2,0
@slack/logger,2026-07-14T17:53:23.001Z,12,322027246.0,9,686,40,2026-08-13T19:38:28Z,100,12,3377,2927,3,33,0
@tanstack/react-start-rsc,2026-08-14T22:14:57.520Z,3,219774008.0,92,1795,275,2026-08-16T01:38:28Z,100,21,14943,6485,0,2,0
@svgr/webpack,2023-08-15T06:46:24.158Z,1,408323476.0,50,442,122,2026-03-01T18:35:20Z,100,40,11050,652,168,1097,0
@storybook/nextjs,2026-08-13T13:53:48.852Z,12,86341966.0,2332,10391,1580,2026-08-14T20:44:33Z,100,5,90859,84640,2,3,0
@tanstack/router-utils,2026-06-05T20:15:02.142Z,3,331488494.0,50,1795,275,2026-08-16T01:38:28Z,100,21,14943,6485,0,72,0
@supabase/storage-js,2026-08-11T07:29:53.404Z,2,645772789.0,464,715,16,2026-08-14T13:04:36Z,100,18,4532,3986,2,5,0
@soda/friendly-errors-webpack-plugin,2021-11-15T08:38:05.955Z,2,39320357.0,3,6,4,2021-11-15T08:38:14Z,100,24,40,172,1735,1735,1
@soda-gql/builder,2026-07-18T11:02:19.782Z,1,473449.0,72,1,1,2026-07-18T10:41:17Z,100,2,1,403,29,29,0
@tanstack/virtual-core,2026-07-28T20:28:52.190Z,3,596459927.0,127,455,79,2026-08-09T04:35:29Z,100,28,7067,689,7,19,0
@tanstack/router-core,2026-08-14T22:14:56.040Z,3,364976672.0,487,1795,275,2026-08-16T01:38:28Z,100,21,14943,6485,0,2,0
@tanstack/start-plugin-core,2026-08-14T22:15:06.393Z,3,256406393.0,625,1795,275,2026-08-16T01:38:28Z,100,21,14943,6485,0,2,0
@storybook/addon-a11y,2026-08-13T13:50:59.483Z,12,277820039.0,3436,10391,1580,2026-08-14T20:44:33Z,100,5,90859,84640,2,3,0
@testing-library/svelte,2026-06-23T03:29:24.763Z,18,20998901.0,60,32,0,2026-08-01T20:13:19Z,100,6,664,351,15,54,0
@testcontainers/postgresql,2026-08-04T10:12:45.911Z,1,67005770.0,81,266,0,2026-08-10T23:17:50Z,100,10,2587,1225,6,12,0
@speechmatics/real-time-client,2026-07-21T10:08:08.665Z,3,828980.0,29,23,7,2026-08-03T16:54:16Z,100,10,57,141,13,26,0
@svgr/hast-util-to-babel-ast,2023-05-09T07:03:16.913Z,1,654944930.0,24,442,122,2026-03-01T18:35:20Z,100,40,11050,652,168,1195,0
@tanstack/react-virtual,2026-07-28T20:28:52.770Z,3,517016335.0,134,455,79,2026-08-09T04:35:29Z,100,28,7067,689,7,19,0
@supabase/supabase-js,2026-08-11T07:30:00.532Z,2,641507916.0,815,715,16,2026-08-14T13:04:36Z,100,18,4532,3986,2,5,0
@tanstack/react-start-client,2026-08-14T22:14:56.884Z,3,252931663.0,490,1795,275,2026-08-16T01:38:28Z,100,21,14943,6485,0,2,0
@tanstack/vue-table,2026-08-09T03:09:37.754Z,3,25132624.0,284,3564,45,2026-08-15T17:34:41Z,100,13,28335,3143,1,7,0
@speed-highlight/core,2026-08-14T13:27:57.113Z,1,338309519.0,35,26,6,2026-08-14T13:37:43Z,100,6,399,615,2,2,0
@slack/rtm-api,2025-08-25T21:14:36.796Z,12,2142245.0,16,686,40,2026-08-13T19:38:28Z,100,12,3377,2927,3,356,0
@swc/core-win32-x64-msvc,2026-08-14T17:26:47.038Z,1,123465018.0,775,1538,355,2026-08-15T07:38:22Z,100,17,34177,12067,1,2,0
@tanstack/start-storage-context,2026-08-14T22:16:04.810Z,3,249947038.0,277,1795,275,2026-08-16T01:38:28Z,100,21,14943,6485,0,2,0
@swc/core,2026-08-14T17:23:06.016Z,1,1274115037.0,912,1538,355,2026-08-15T07:38:22Z,100,17,34177,12067,1,2,0
@swc-node/register,2026-07-18T16:00:46.971Z,1,153291406.0,89,96,56,2026-08-15T18:13:46Z,100,13,1983,1124,1,29,0
@sindresorhus/is,2026-05-11T11:22:36.268Z,1,1865064726.0,63,133,0,2026-05-11T13:57:29Z,100,20,1791,256,97,97,0
@tanstack/table-core,2026-08-09T03:11:46.093Z,3,507365369.0,292,3564,45,2026-08-15T17:34:41Z,100,13,28335,3143,1,7,0
@tanstack/react-start,2026-08-14T22:14:56.866Z,3,253358851.0,830,1795,275,2026-08-16T01:38:28Z,100,21,14943,6485,0,2,0
@swc/core-linux-x64-gnu,2026-08-14T17:26:21.502Z,1,1170731065.0,775,1538,355,2026-08-15T07:38:22Z,100,17,34177,12067,1,2,0
@storybook/react-vite,2026-08-13T13:53:14.031Z,12,326884653.0,2348,10391,1580,2026-08-14T20:44:33Z,100,5,90859,84640,2,3,0
@svgr/core,2023-08-15T06:46:21.171Z,1,661125134.0,45,442,122,2026-03-01T18:35:20Z,100,40,11050,652,168,1097,0
@swc/html-linux-x64-gnu,2026-08-14T16:55:26.443Z,1,7305864.0,276,1538,355,2026-08-15T07:38:22Z,100,17,34177,12067,1,2,0
@teclone/rollup-all,2025-08-07T12:10:41.420Z,1,2827.0,57,1,0,2026-04-02T07:34:11Z,100,2,8,179,136,374,0
@tanstack/start-server-core,2026-08-14T22:16:07.941Z,3,250784238.0,461,1795,275,2026-08-16T01:38:28Z,100,21,14943,6485,0,2,0
@tanstack/react-start-server,2026-08-14T22:13:53.910Z,3,250964875.0,543,1795,275,2026-08-16T01:38:28Z,100,21,14943,6485,0,2,0
@swc/core-darwin-arm64,2026-08-14T17:27:20.739Z,1,135575694.0,774,1538,355,2026-08-15T07:38:22Z,100,17,34177,12067,1,2,0
@testing-library/react-hooks,2022-06-18T13:20:19.073Z,18,133641280.0,53,230,29,2024-01-30T20:25:46Z,100,14,5261,1189,929,1520,1
@supabase/realtime-js,2026-08-11T07:29:54.474Z,2,641958205.0,560,715,16,2026-08-14T13:04:36Z,100,18,4532,3986,2,5,0
@smoud/playable-scripts,2026-08-14T09:34:09.112Z,2,406514.0,59,11,2,2026-08-14T09:34:54Z,61,2,54,61,2,2,0
@tanstack/virtual-file-routes,2026-05-15T19:28:06.633Z,3,326271492.0,49,1795,275,2026-08-16T01:38:28Z,100,21,14943,6485,0,93,0
@stylistic/stylelint-config,2026-03-28T18:43:36.998Z,1,4441091.0,7,1,0,2026-07-03T08:35:42Z,36,4,23,36,44,141,0
@storybook/addon-themes,2026-08-13T13:52:06.073Z,12,99675438.0,2142,10391,1580,2026-08-14T20:44:33Z,100,5,90859,84640,2,3,0
@taceo/oprf-client,2026-04-13T09:36:05.257Z,3,73129.0,2,1,0,2026-08-12T09:43:13Z,43,4,0,43,4,125,0
@stylistic/stylelint-plugin,2026-08-09T13:54:31.078Z,1,23385551.0,19,9,19,2026-08-15T23:42:12Z,100,5,107,236,1,7,0
@testing-library/dom,2025-07-27T13:23:37.151Z,18,1912237882.0,229,471,92,2025-11-12T11:24:25Z,100,34,3330,656,277,385,0
@swc/core-linux-x64-musl,2026-08-14T17:23:27.524Z,1,899938359.0,774,1538,355,2026-08-15T07:38:22Z,100,17,34177,12067,1,2,0
@swc/core-win32-arm64-msvc,2026-08-14T17:26:34.126Z,1,110772578.0,757,1538,355,2026-08-15T07:38:22Z,100,17,34177,12067,1,2,0
@teamwork/websocket-json-stream,2019-03-05T16:00:18.778Z,5,386249.0,4,10,1,2021-05-06T09:33:00Z,49,3,20,49,1928,2721,1
@swc/core-linux-arm64-musl,2026-08-14T17:30:56.658Z,1,151468867.0,757,1538,355,2026-08-15T07:38:22Z,100,17,34177,12067,1,2,0
@storybook/addon-vitest,2026-08-13T13:55:16.977Z,12,89736523.0,1192,10391,1580,2026-08-14T20:44:33Z,100,5,90859,84640,2,3,0
@tanstack/vue-virtual,2026-07-28T20:28:51.588Z,3,74568280.0,116,455,79,2026-08-09T04:35:29Z,100,28,7067,689,7,19,0
@shopify/storefront-api-client,2026-08-10T21:28:28.392Z,6,13947640.0,25,225,72,2026-08-10T21:29:25Z,100,9,536,6953,6,6,0
@schematics/angular,2026-08-13T16:33:58.103Z,2,267574150.0,1055,11846,263,2026-08-14T16:05:58Z,100,9,27017,18651,2,3,0
@tanstack/store,2026-08-05T18:31:08.124Z,3,454582455.0,74,114,7,2026-08-11T23:14:19Z,100,18,883,322,5,11,0
@tanstack/router-plugin,2026-08-14T22:14:56.646Z,3,331066976.0,677,1795,275,2026-08-16T01:38:28Z,100,21,14943,6485,0,2,0
@tanstack/history,2026-08-06T13:45:51.337Z,3,362938351.0,243,1795,275,2026-08-16T01:38:28Z,100,21,14943,6485,0,10,0
@stacksjs/gitlint,2026-07-22T20:48:24.882Z,2,4954791.0,5,0,4,2026-08-16T10:34:11Z,100,5,3,115,0,25,0
@storybook/react-webpack5,2026-08-13T13:52:16.714Z,12,112781340.0,2367,10391,1580,2026-08-14T20:44:33Z,100,5,90859,84640,2,3,0
@stryker-mutator/api,2026-08-14T16:51:10.145Z,3,26997166.0,113,275,61,2026-08-15T21:41:40Z,100,4,3015,5356,1,2,0
@storybook/react-docgen-typescript-plugin,2021-07-30T09:18:54.102Z,12,218032961.0,21,31,15,2024-08-01T15:33:24Z,100,7,69,227,745,1843,1
@soniox/node,2026-08-11T14:34:18.207Z,3,203711.0,12,2,3,2026-08-11T14:29:50Z,33,1,5,33,5,5,0
@stacksjs/realtime,2026-08-16T01:50:36.604Z,2,98691.0,498,16,71,2026-08-16T10:16:31Z,100,2,622,11778,0,0,0
@swc/core-linux-s390x-gnu,2026-08-14T17:21:02.973Z,1,11244471.0,32,1538,355,2026-08-15T07:38:22Z,100,17,34177,12067,1,2,0
@temporalio/testing,2026-08-05T14:43:33.478Z,2,32624138.0,94,211,164,2026-08-14T21:35:06Z,100,23,896,1484,2,11,0
@stryker-mutator/core,2026-08-14T16:51:22.686Z,3,26264148.0,114,275,61,2026-08-15T21:41:40Z,100,4,3015,5356,1,2,0
@storybook/builder-webpack5,2026-08-13T13:52:20.590Z,12,250864553.0,2725,10391,1580,2026-08-14T20:44:33Z,100,5,90859,84640,2,3,0
@testing-library/cypress,2026-04-29T16:38:28.373Z,18,66120827.0,50,159,38,2026-04-29T16:38:24Z,100,34,1823,196,109,109,0
@tanstack/router-generator,2026-08-14T22:13:56.606Z,3,336487596.0,607,1795,275,2026-08-16T01:38:28Z,100,21,14943,6485,0,2,0
@tanstack/react-store,2026-08-05T18:30:19.505Z,3,424018638.0,83,114,7,2026-08-11T23:14:19Z,100,18,883,322,5,11,0
@romujs/core,2026-07-19T14:38:41.143Z,1,646.0,3,0,0,2026-07-19T18:55:27Z,33,2,0,33,28,28,0
@storybook/vue3,2026-08-13T13:51:32.851Z,12,33937528.0,2729,10391,1580,2026-08-14T20:44:33Z,100,5,90859,84640,2,3,0
@scalar/api-client,2026-08-13T23:21:06.612Z,7,11528431.0,552,919,36,2026-08-14T19:44:33Z,100,18,15919,7305,2,3,0
@rollup/plugin-babel,2026-05-29T14:15:21.851Z,4,386450811.0,19,633,27,2026-05-29T15:48:45Z,100,27,3758,1300,79,79,0
@seald-io/nedb,2025-07-07T12:31:50.750Z,3,10632101.0,53,34,8,2025-07-07T12:31:17Z,100,7,426,1121,405,405,1
@swc-node/core,2026-07-16T08:39:42.735Z,1,153183348.0,62,96,56,2026-08-15T18:13:46Z,100,13,1983,1124,1,31,0
@tanstack/react-table,2026-08-09T03:11:37.658Z,3,474371449.0,331,3564,45,2026-08-15T17:34:41Z,100,13,28335,3143,1,7,0
@swc/core-win32-ia32-msvc,2026-08-14T17:23:37.373Z,1,106324178.0,770,1538,355,2026-08-15T07:38:22Z,100,17,34177,12067,1,2,0
@sentry/babel-plugin-component-annotate,2026-05-12T08:42:36.383Z,1,454146030.0,64,57,23,2026-07-10T11:17:42Z,100,17,177,742,37,96,0
@storybook/addon-webpack5-compiler-babel,2026-03-25T13:31:19.187Z,12,25298067.0,37,5,1,2026-03-25T13:31:20Z,68,5,4,68,144,144,0
@swc/core-linux-ppc64-gnu,2026-08-14T17:20:53.791Z,1,11243930.0,32,1538,355,2026-08-15T07:38:22Z,100,17,34177,12067,1,2,0
@testing-library/react,2026-01-19T10:59:08.185Z,18,1512235817.0,122,1166,64,2026-04-02T07:04:36Z,100,25,19643,543,136,209,0
@storybook/angular,2026-08-13T13:50:04.659Z,12,23463796.0,3417,10391,1580,2026-08-14T20:44:33Z,100,5,90859,84640,2,3,0
@slack/socket-mode,2026-07-14T17:56:43.220Z,12,90253577.0,32,686,40,2026-08-13T19:38:28Z,100,12,3377,2927,3,33,0
@swc/cli,2026-04-01T01:27:35.047Z,1,154976805.0,85,44,13,2026-07-29T00:40:47Z,100,28,85,112,18,137,0
@shopify/admin-api-client,2026-08-10T21:28:28.948Z,6,14894897.0,24,225,72,2026-08-10T21:29:25Z,100,9,536,6953,6,6,0
@sinclair/typebox,2026-07-11T21:08:28.286Z,1,4183937384.0,406,0,2,2026-07-18T06:13:40Z,16,1,10,16,29,36,0
@solid-primitives/websocket,2026-06-04T14:17:52.601Z,3,1049813.0,23,155,19,2026-08-16T03:36:17Z,100,9,1547,3973,0,73,0
@testing-library/jest-dom,2026-08-09T23:44:33.598Z,18,1742303117.0,85,420,102,2026-08-09T23:42:19Z,100,51,4594,292,7,7,0
@storybook/addon-onboarding,2026-08-13T13:51:07.132Z,12,124903633.0,2093,10391,1580,2026-08-14T20:44:33Z,100,5,90859,84640,2,3,0
@tanstack/start-client-core,2026-08-14T22:14:05.043Z,3,257132532.0,405,1795,275,2026-08-16T01:38:28Z,100,21,14943,6485,0,2,0
@savvy-web/github-action-builder,2026-08-14T22:31:59.386Z,1,11196.0,52,0,21,2026-08-16T10:04:20Z,100,4,1,385,0,2,0
@theholocron/zendesk-client,2026-08-14T19:31:31.758Z,1,6788.0,47,0,0,2026-08-15T02:22:50Z,100,3,0,226,1,2,0
@vscode/sqlite3,2026-06-22T22:11:14.528Z,6,2632977.0,20,15,4,2026-08-12T21:10:20Z,100,14,48,1454,4,55,0
@tsparticles/updater-size,2026-07-10T10:35:10.571Z,1,11822622.0,79,946,8,2026-08-13T07:05:44Z,100,2,8953,17301,3,37,0
@trishchuk/fetch,2026-08-04T21:46:52.542Z,1,848.0,5,0,0,2026-08-04T21:40:10Z,27,1,0,27,12,12,0
@tsparticles/plugin-rgb-color,2026-07-10T10:33:37.302Z,1,10890153.0,57,946,8,2026-08-13T07:05:44Z,100,2,8953,17301,3,37,0
@ts-bridge/resolver,2024-10-24T07:37:58.157Z,1,152511.0,4,3,6,2025-11-03T12:03:49Z,65,3,6,65,286,661,0
@wdio/xvfb,2026-08-03T06:34:21.393Z,3,13625201.0,19,2671,234,2026-08-15T07:28:17Z,100,27,9816,8437,1,13,0
@valkey/valkey-glide-linux-x64-musl,2026-08-11T03:54:24.896Z,3,5023873.0,60,174,293,2026-08-16T00:54:54Z,100,15,775,4246,0,5,0
@vue/eslint-config-prettier,2025-01-18T08:03:33.781Z,5,47918300.0,63,8,2,2026-08-11T23:44:49Z,100,9,81,134,5,575,0
@vitejs/plugin-vue-jsx,2026-06-23T09:22:25.909Z,2,78245558.0,55,197,74,2026-08-14T22:48:09Z,100,9,676,1551,2,54,0
@vendia/serverless-express,2023-12-19T12:49:31.181Z,4,17358288.0,57,675,96,2026-04-16T07:58:53Z,100,16,5263,544,122,971,0
@vue/compiler-sfc,2026-08-05T07:01:34.840Z,1,746437408.0,333,9187,557,2026-08-16T01:47:06Z,100,30,54188,7156,0,11,0
@tsparticles/interaction-external-pause,2026-07-10T10:34:47.940Z,1,8302186.0,79,946,8,2026-08-13T07:05:44Z,100,2,8953,17301,3,37,0
@typescript-eslint/parser,2026-08-10T17:22:16.082Z,2,4416189774.0,4812,2974,232,2026-08-13T06:17:53Z,100,20,16357,6771,3,6,0
@testing-library/user-event,2026-08-11T23:24:11.884Z,18,1343322552.0,203,254,99,2026-08-11T23:20:58Z,100,24,2319,833,5,5,0
@tsparticles/interaction-external-repulse,2026-07-10T10:34:51.305Z,1,8315217.0,79,946,8,2026-08-13T07:05:44Z,100,2,8953,17301,3,37,0
@vitejs/plugin-react,2026-07-30T10:12:02.149Z,2,1719380796.0,86,262,54,2026-08-15T17:51:57Z,100,12,1138,1789,1,17,0
@tsparticles/plugin-easing-quad,2026-07-10T10:33:43.435Z,1,8397364.0,79,946,8,2026-08-13T07:05:44Z,100,2,8953,17301,3,37,0
@typescript-eslint/typescript-estree,2026-08-10T17:22:00.414Z,2,5730517624.0,4816,2974,232,2026-08-13T06:17:53Z,100,20,16357,6771,3,6,0
@vue/runtime-core,2026-08-05T07:03:46.563Z,1,418287381.0,294,9187,557,2026-08-16T01:47:06Z,100,30,54188,7156,0,11,0
@theholocron/vercel-client,2026-08-14T19:31:27.575Z,1,6638.0,34,0,0,2026-08-15T02:22:50Z,100,3,0,226,1,2,0
@theguild/federation-composition,2026-08-05T11:31:54.926Z,4,87286987.0,350,7,9,2026-08-12T13:37:06Z,100,7,54,299,4,11,0
@tsoa/runtime,2025-12-14T19:48:07.501Z,2,18431163.0,45,534,113,2026-08-04T06:14:06Z,100,12,3973,2020,12,245,0
@vueuse/core,2026-07-29T00:31:47.382Z,1,289354451.0,397,2928,215,2026-08-13T02:31:30Z,100,52,22321,3833,3,18,0
@tsparticles/updater-opacity,2026-07-10T10:35:08.332Z,1,11908775.0,79,946,8,2026-08-13T07:05:44Z,100,2,8953,17301,3,37,0
@vue/server-renderer,2026-08-05T07:00:53.664Z,1,410739793.0,290,9187,557,2026-08-16T01:47:06Z,100,30,54188,7156,0,11,0
@tsparticles/updater-out-modes,2026-07-10T10:34:13.709Z,1,11824171.0,79,946,8,2026-08-13T07:05:44Z,100,2,8953,17301,3,37,0
@vitets/vite-ts,2026-06-29T20:57:30.226Z,1,573.0,1,8653,505,2026-08-16T05:41:06Z,100,26,82362,9567,0,48,0
@typescript-eslint/tsconfig-utils,2026-08-10T17:25:44.966Z,2,3182395642.0,598,2974,232,2026-08-13T06:17:53Z,100,20,16357,6771,3,6,0
@testing-library/vue,2024-05-18T08:16:13.487Z,18,28516557.0,57,111,30,2024-05-29T12:56:23Z,100,28,1124,413,809,820,1
@vueuse/integrations,2026-07-29T00:32:34.977Z,1,70425303.0,274,2928,215,2026-08-13T02:31:30Z,100,52,22321,3833,3,18,0
@upstash/redis,2026-08-04T14:14:26.921Z,8,102763441.0,1125,93,7,2026-08-07T07:29:54Z,100,19,964,465,9,12,0
@tsparticles/slim,2026-07-10T10:35:35.431Z,1,13248942.0,79,946,8,2026-08-13T07:05:44Z,100,2,8953,17301,3,37,0
@vitest/browser-playwright,2026-07-06T06:44:37.071Z,5,108543041.0,50,1917,320,2026-08-14T15:45:58Z,100,32,16958,6026,2,41,0
@tsoa/cli,2025-12-14T19:48:10.485Z,2,16715125.0,64,534,113,2026-08-04T06:14:06Z,100,12,3973,2020,12,245,0
@tsparticles/interaction-external-attract,2026-07-10T10:34:41.590Z,1,8376551.0,79,946,8,2026-08-13T07:05:44Z,100,2,8953,17301,3,37,0
@thaunknown/simple-websocket,2026-07-25T17:07:41.631Z,1,701150.0,6,0,0,2026-07-25T17:07:29Z,100,7,0,303,22,22,0
@typescript-eslint/visitor-keys,2026-08-10T17:25:54.015Z,2,5736437762.0,4087,2974,232,2026-08-13T06:17:53Z,100,20,16357,6771,3,6,0
@vue-macros/common,2026-07-19T18:27:59.912Z,1,86760306.0,103,121,22,2026-08-14T16:52:42Z,100,5,1984,1851,2,28,0
@thymian/plugin-request-dispatcher,2026-08-12T07:17:00.926Z,2,19082.0,140,0,1,2026-08-16T09:42:27Z,100,5,30,1431,0,4,0
@tiesen/effect-tanstack-query,2026-08-16T09:25:36.644Z,1,2920.0,20,0,0,2026-08-16T09:25:51Z,72,2,1,72,0,0,0
@vue/shared,2026-08-05T06:59:56.025Z,1,894316594.0,286,9187,557,2026-08-16T01:47:06Z,100,30,54188,7156,0,11,0
@vue/runtime-dom,2026-08-05T06:59:48.801Z,1,420278809.0,294,9187,557,2026-08-16T01:47:06Z,100,30,54188,7156,0,11,0
@tsparticles/interaction-particles-links,2026-07-10T10:35:13.397Z,1,8430913.0,79,946,8,2026-08-13T07:05:44Z,100,2,8953,17301,3,37,0
@urql/core,2026-06-22T10:47:19.550Z,9,211990645.0,283,477,16,2026-08-12T17:05:36Z,100,27,8966,2821,4,55,0
@valkey/valkey-glide,2026-08-11T03:54:33.449Z,3,8922962.0,100,174,293,2026-08-16T00:54:54Z,100,15,775,4246,0,5,0
@vite-ts/vite-ui,2026-06-29T20:18:58.258Z,1,537.0,1,8653,505,2026-08-16T05:41:06Z,100,26,82362,9567,0,48,0
@theholocron/doppler-client,2026-08-14T19:31:06.058Z,1,7657.0,41,0,0,2026-08-15T02:22:50Z,100,3,0,226,1,2,0
@tsparticles/updater-rotate,2026-07-10T10:35:08.294Z,1,11447203.0,77,946,8,2026-08-13T07:05:44Z,100,2,8953,17301,3,37,0
@typepurify/fetch,2026-08-13T05:24:29.848Z,1,2817.0,18,0,0,2026-08-13T05:23:14Z,100,1,0,143,3,3,0
@vue/compiler-core,2026-08-05T07:00:25.677Z,1,815450684.0,294,9187,557,2026-08-16T01:47:06Z,100,30,54188,7156,0,11,0
@vue/tsconfig,2026-03-24T01:43:34.778Z,3,65310041.0,17,29,1,2026-03-24T01:41:09Z,70,8,360,70,145,145,0
@typescript-eslint/type-utils,2026-08-10T17:21:22.196Z,2,4150134444.0,3123,2974,232,2026-08-13T06:17:53Z,100,20,16357,6771,3,6,0
@tsparticles/plugin-hex-color,2026-07-10T10:33:29.141Z,1,10890407.0,57,946,8,2026-08-13T07:05:44Z,100,2,8953,17301,3,37,0
@theholocron/clerk-client,2026-08-14T19:30:57.220Z,1,7952.0,43,0,0,2026-08-15T02:22:50Z,100,3,0,226,1,2,0
@typescript-eslint/scope-manager,2026-08-10T17:26:09.170Z,2,5465871747.0,4055,2974,232,2026-08-13T06:17:53Z,100,20,16357,6771,3,6,0
@venizia/ignis-helpers,2026-07-13T09:51:03.359Z,2,12925.0,79,2,0,2026-08-12T04:37:46Z,100,3,10,990,4,34,0
@tsparticles/interaction-particles-attract,2026-07-10T10:34:54.361Z,1,8415393.0,79,946,8,2026-08-13T07:05:44Z,100,2,8953,17301,3,37,0
@vite-tab/tab,2026-07-07T17:55:32.573Z,1,1209.0,2,8653,505,2026-08-16T05:41:06Z,100,26,82362,9567,0,40,0
@ui5/linter,2026-08-13T08:39:12.602Z,1,2520299.0,77,14,39,2026-08-14T03:17:43Z,100,10,79,1123,2,3,0
@vue/compiler-dom,2026-08-05T07:00:29.268Z,1,802126780.0,294,9187,557,2026-08-16T01:47:06Z,100,30,54188,7156,0,11,0
@vue/eslint-config-typescript,2026-06-21T14:29:54.876Z,5,70883937.0,79,35,24,2026-08-16T09:56:37Z,100,5,190,390,0,56,0
@theholocron/neon-client,2026-08-14T19:31:18.832Z,1,7152.0,38,0,0,2026-08-15T02:22:50Z,100,3,0,226,1,2,0
@vitejs/plugin-react-swc,2026-07-30T10:25:03.233Z,2,452920965.0,39,262,54,2026-08-15T17:51:57Z,100,12,1138,1789,1,17,0
@tsparticles/interaction-external-bounce,2026-07-10T10:34:42.133Z,1,8337810.0,79,946,8,2026-08-13T07:05:44Z,100,2,8953,17301,3,37,0
@typescript-eslint/project-service,2026-08-10T17:20:49.200Z,2,3135779031.0,598,2974,232,2026-08-13T06:17:53Z,100,20,16357,6771,3,6,0
@walletconnect/heartbeat,2024-05-07T10:26:12.965Z,2,38682661.0,8,94,12,2026-08-09T07:51:24Z,100,9,131,452,7,831,0
@tsparticles/engine,2026-07-10T10:30:52.814Z,1,17859930.0,79,946,8,2026-08-13T07:05:44Z,100,2,8953,17301,3,37,0
@vue/compiler-ssr,2026-08-05T07:00:37.587Z,1,692707497.0,289,9187,557,2026-08-16T01:47:06Z,100,30,54188,7156,0,11,0
@tywalk/pcf-helper-run,2026-04-24T23:24:37.367Z,1,5137.0,59,0,0,2026-04-28T19:16:51Z,100,2,0,146,110,114,0
@vue/compiler-vue2,2024-07-25T01:51:35.200Z,11,161020370.0,1,33770,365,2024-10-10T07:24:15Z,100,35,210231,3593,675,752,1
@vue/reactivity-transform,2023-12-19T10:13:22.864Z,1,54653558.0,57,9187,557,2026-08-16T01:47:06Z,100,30,54188,7156,0,971,0
@theholocron/github-client,2026-08-14T19:31:10.352Z,1,16490.0,43,0,0,2026-08-15T02:22:50Z,100,3,0,226,1,2,0
@vue/cli-plugin-babel,2025-08-21T10:57:06.051Z,3,25379623.0,160,6251,937,2025-08-21T10:56:30Z,100,21,29543,3535,360,360,0
@ts-bridge/cli,2025-11-03T12:08:06.148Z,1,160946.0,19,3,6,2025-11-03T12:03:49Z,65,3,6,65,286,286,0
@tsparticles/interaction-external-slow,2026-07-10T10:34:51.334Z,1,8370459.0,79,946,8,2026-08-13T07:05:44Z,100,2,8953,17301,3,37,0
@tsparticles/basic,2026-07-10T10:35:29.010Z,1,16505291.0,77,946,8,2026-08-13T07:05:44Z,100,2,8953,17301,3,37,0
@typescript-eslint/eslint-plugin,2026-08-10T17:21:38.534Z,2,4260250565.0,4729,2974,232,2026-08-13T06:17:53Z,100,20,16357,6771,3,6,0
@tsparticles/interaction-external-connect,2026-07-10T10:35:11.165Z,1,8270121.0,79,946,8,2026-08-13T07:05:44Z,100,2,8953,17301,3,37,0
@typescript-eslint/utils,2026-08-10T17:21:13.758Z,2,5047407055.0,3107,2974,232,2026-08-13T06:17:53Z,100,20,16357,6771,3,6,0
@vite-tab/tabui,2026-07-14T06:45:44.606Z,1,235.0,1,8653,505,2026-08-16T05:41:06Z,100,26,82362,9567,0,33,0
@tywalk/pcf-helper,2026-04-24T21:37:53.677Z,1,5167.0,56,0,0,2026-04-28T19:16:51Z,100,2,0,146,110,114,0
@vite-pro/vite-ui,2026-06-29T20:38:57.495Z,1,579.0,1,8653,505,2026-08-16T05:41:06Z,100,26,82362,9567,0,48,0
@theholocron/confluence-client,2026-08-14T19:31:01.849Z,1,7426.0,51,0,0,2026-08-15T02:22:50Z,100,3,0,226,1,2,0
@tsparticles/interaction-external-remove,2026-07-10T10:34:49.495Z,1,8341142.0,79,946,8,2026-08-13T07:05:44Z,100,2,8953,17301,3,37,0
@vitest/browser-preview,2026-07-06T06:44:30.074Z,5,6798518.0,50,1917,320,2026-08-14T15:45:58Z,100,32,16958,6026,2,41,0
@vueuse/shared,2026-07-29T00:31:39.343Z,1,291659309.0,276,2928,215,2026-08-13T02:31:30Z,100,52,22321,3833,3,18,0
@vitejs/plugin-vue,2026-07-14T09:46:52.369Z,2,283024416.0,125,197,74,2026-08-14T22:48:09Z,100,9,676,1551,2,33,0
@urql/exchange-auth,2025-08-09T12:30:37.543Z,9,11176694.0,114,477,16,2026-08-12T17:05:36Z,100,27,8966,2821,4,372,0
@theholocron/postman-client,2026-08-14T19:31:23.465Z,1,6423.0,34,0,0,2026-08-15T02:22:50Z,100,3,0,226,1,2,0
@vite-mcp/vite-type,2026-06-29T20:03:12.317Z,1,655.0,1,8653,505,2026-08-16T05:41:06Z,100,26,82362,9567,0,48,0
@theholocron/clients-docs,2026-08-12T17:19:43.879Z,1,2047.0,14,0,0,2026-08-15T02:22:50Z,100,3,0,226,1,4,0
@tsparticles/plugin-hsl-color,2026-07-10T10:33:30.915Z,1,10722876.0,57,946,8,2026-08-13T07:05:44Z,100,2,8953,17301,3,37,0
@usebruno/cli,2026-07-23T17:52:57.316Z,1,6384460.0,122,2784,1287,2026-08-14T16:28:56Z,100,19,46362,4798,2,24,0
@uppy/companion,2026-03-25T15:32:11.056Z,4,2436137.0,179,2105,170,2026-08-14T19:29:52Z,100,9,30921,10844,2,144,0
@theholocron/infisical-client,2026-08-14T19:31:14.684Z,1,7070.0,38,0,0,2026-08-15T02:22:50Z,100,3,0,226,1,2,0
@walletconnect/time,2022-11-25T10:14:14.422Z,2,36182611.0,3,94,12,2026-08-09T07:51:24Z,100,9,131,452,7,1360,0
@tony.ganchev/eslint-plugin-header,2026-04-23T13:39:35.619Z,1,1122477.0,30,1,7,2026-06-19T19:52:02Z,100,1,9,327,58,115,0
@tsparticles/interaction-external-bubble,2026-07-10T10:34:42.317Z,1,8397501.0,79,946,8,2026-08-13T07:05:44Z,100,2,8953,17301,3,37,0
@tsparticles/updater-life,2026-07-10T10:34:11.229Z,1,11589415.0,79,946,8,2026-08-13T07:05:44Z,100,2,8953,17301,3,37,0
@valkey/valkey-glide-linux-x64-gnu,2026-08-11T03:54:14.891Z,3,6062857.0,61,174,293,2026-08-16T00:54:54Z,100,15,775,4246,0,5,0
@urql/exchange-retry,2025-08-09T12:30:37.900Z,9,157645226.0,64,477,16,2026-08-12T17:05:36Z,100,27,8966,2821,4,372,0
@vueuse/metadata,2026-07-29T00:31:32.875Z,1,288256759.0,133,2928,215,2026-08-13T02:31:30Z,100,52,22321,3833,3,18,0
@vue/reactivity,2026-08-05T07:00:40.501Z,1,454086086.0,294,9187,557,2026-08-16T01:47:06Z,100,30,54188,7156,0,11,0
@tsparticles/interaction-external-push,2026-07-10T10:34:48.336Z,1,8374613.0,79,946,8,2026-08-13T07:05:44Z,100,2,8953,17301,3,37,0
@tresdoce-nestjs-toolkit/http-client,2026-06-03T17:03:28.344Z,1,9799.0,115,3,0,2026-06-03T17:03:37Z,100,1,49,1105,74,74,0
@vue/component-compiler-utils,2021-10-26T07:41:16.650Z,3,63800225.0,28,74,24,2024-04-09T22:23:41Z,100,20,323,132,859,1755,1
@typescript-eslint/types,2026-08-10T17:20:43.816Z,2,5943254481.0,4088,2974,232,2026-08-13T06:17:53Z,100,20,16357,6771,3,6,0
babel-preset-expo,2026-08-14T14:26:42.501Z,12,197200847.0,328,13476,284,2026-08-16T09:07:15Z,100,29,51626,33861,0,2,0
ansi-bggreen,2015-05-22T01:57:24.472Z,2,9954099.0,2,0,0,2015-05-24T05:57:09Z,1,1,1,1,4102,4104,1
angular-gridster2,2026-06-26T03:53:03.502Z,1,8996338.0,255,387,323,2026-08-08T01:55:02Z,100,14,1344,734,8,51,0
ansi-styles,2026-07-26T14:57:36.835Z,1,26157997147.0,29,82,0,2026-07-26T14:57:35Z,100,19,462,119,21,21,0
axios,2026-07-29T17:07:54.912Z,1,4541958418.0,143,11817,46,2026-08-13T18:14:46Z,100,41,109216,2175,3,18,0
apisix-sdk,2025-08-06T06:19:21.466Z,1,7381.0,6,0,1,2026-08-15T11:09:18Z,7,1,1,7,1,375,0
app-root-path,2022-08-16T03:27:51.632Z,1,251324502.0,16,30,9,2022-11-01T23:25:36Z,100,4,605,101,1384,1461,1
ag-charts-locale,2026-08-05T08:07:12.586Z,1,45049292.0,47,41,3,2026-08-14T18:52:49Z,100,8,477,34883,2,11,0
babel-plugin-debug-macros,2025-07-29T15:31:36.439Z,5,25025403.0,36,13,9,2025-07-29T15:31:37Z,100,13,13,277,383,383,1
babel-plugin-transform-hook-names,2021-03-22T20:17:09.835Z,6,11914686.0,3,1,0,2021-04-18T14:10:00Z,18,2,8,18,1946,1973,1
@webassemblyjs/wast-printer,2024-11-06T21:53:38.592Z,1,1719082305.0,88,95,69,2025-01-27T05:00:50Z,100,9,835,2152,566,648,1
babylon,2017-08-15T19:41:27.381Z,5,258862343.0,132,251,1,2018-05-19T04:47:31Z,100,23,1707,1767,3011,3288,1
ag-charts-types,2026-08-05T08:05:22.740Z,1,100448278.0,47,41,3,2026-08-14T18:52:49Z,100,8,477,34883,2,11,0
alasql,2026-05-22T14:29:42.892Z,2,10224917.0,209,690,404,2026-08-15T09:53:29Z,100,5,7282,2524,1,86,0
ansi-magenta,2015-05-22T01:58:15.966Z,2,10451796.0,2,0,0,2015-05-24T05:57:55Z,1,1,1,1,4102,4104,1
ag-charts-enterprise,2026-08-05T08:03:06.858Z,1,35241346.0,57,41,3,2026-08-14T18:52:49Z,100,8,477,34883,2,11,0
bybit-api,2026-08-11T15:52:13.333Z,2,1135007.0,195,103,3,2026-08-11T15:47:27Z,100,6,343,1343,5,5,0
alova,2026-08-12T07:57:27.343Z,1,381901.0,226,147,8,2026-08-12T07:57:29Z,100,9,4012,1228,4,4,0
autoprefixer,2026-07-16T10:30:10.614Z,1,2317455555.0,256,1289,37,2026-07-23T11:41:59Z,100,13,22250,2700,24,31,0
axios-token-refresh,2025-09-18T04:21:56.030Z,1,10323.0,10,0,0,2025-10-02T08:30:29Z,60,1,3,60,318,332,0
atmosphere.js,2026-08-09T21:09:27.309Z,1,801219.0,63,761,2,2026-08-15T18:57:19Z,100,4,3795,8468,1,7,0
@ygorazambuja/sauron,2026-07-30T20:24:34.616Z,1,1940.0,10,0,0,2026-07-30T20:37:51Z,31,1,0,31,17,17,0
ag-charts-core,2026-08-05T08:03:00.067Z,1,34933686.0,29,41,3,2026-08-14T18:52:49Z,100,8,477,34883,2,11,0
babel-plugin-istanbul,2026-04-09T01:39:01.285Z,4,2170488680.0,42,90,57,2026-07-20T13:24:09Z,100,21,657,144,27,129,0
basic-ftp,2026-08-02T08:04:44.917Z,1,995011402.0,123,101,9,2026-08-11T17:49:17Z,100,3,733,949,5,14,0
als-request,2023-06-25T08:24:25.821Z,1,4721.0,8,0,0,2023-06-25T08:23:01Z,3,0,1,3,1148,1148,1
@wecom/aibot-node-sdk,2026-05-12T07:59:48.620Z,1,586907.0,25,16,19,2026-04-07T03:58:49Z,9,2,91,9,131,96,0
@webext-core/fake-browser,2026-07-26T03:48:21.867Z,1,12160222.0,20,40,4,2026-08-08T17:48:07Z,100,10,325,333,8,21,0
@yeaft/webchat-agent,2026-08-15T03:22:24.943Z,1,268308.0,1666,2,0,2026-08-15T03:19:09Z,100,7,6,3704,1,1,0
babel-plugin-relay,2026-05-27T16:56:11.230Z,2,17374522.0,4213,1895,636,2026-08-16T00:12:08Z,100,13,18955,11563,0,81,0
appium,2026-07-25T06:56:48.252Z,7,37070785.0,461,6278,52,2026-08-14T12:07:27Z,100,8,21856,12494,2,22,0
axe-core,2026-08-05T16:53:07.262Z,4,1885455368.0,1606,913,423,2026-08-13T13:51:56Z,100,17,7406,5519,3,11,0
ansi-align,2021-09-27T11:53:48.509Z,1,1119679323.0,5,3,2,2021-09-27T11:53:09Z,45,3,24,45,1784,1784,1
babel-plugin-transform-react-remove-prop-types,2019-02-01T21:38:39.044Z,2,247401387.0,43,45,16,2021-11-28T23:45:33Z,100,19,889,254,1722,2753,1
async,2024-08-19T23:24:23.363Z,5,4019676632.0,93,2378,9,2026-08-07T17:03:35Z,100,7,28143,1993,9,727,0
babel-dead-code-elimination,2026-08-12T14:35:37.595Z,1,371798582.0,15,4,0,2026-08-12T14:40:56Z,100,5,66,114,4,4,0
babel-core,2018-04-27T09:47:04.101Z,3,354615234.0,257,5982,592,2026-08-16T08:21:06Z,100,12,43985,18608,0,3033,0
ansi-bgblack,2015-05-22T01:57:14.094Z,2,10207989.0,2,0,0,2015-05-24T05:57:00Z,1,1,1,1,4102,4104,1
ansis,2026-05-31T16:34:19.692Z,1,1008987899.0,124,15,1,2026-08-13T18:47:50Z,100,2,505,210,3,77,0
ansi-colors,2022-05-16T15:48:22.352Z,2,2130129702.0,29,35,13,2022-07-11T19:47:40Z,100,9,454,124,1497,1553,1
@xmldom/xmldom,2026-08-12T19:37:06.526Z,1,1125016044.0,52,100,41,2026-08-15T15:28:59Z,100,6,462,1069,1,4,0
allure-playwright,2026-06-26T14:39:11.419Z,3,41737170.0,89,135,72,2026-08-14T13:15:47Z,100,11,280,914,2,51,0
builtin-modules,2026-06-28T09:15:44.903Z,1,900498674.0,14,13,0,2026-06-28T09:15:44Z,46,10,131,46,49,49,0
babel-extract-comments,2018-02-12T08:00:58.257Z,1,33745896.0,2,2,1,2018-05-22T01:27:29Z,10,2,14,10,3008,3107,1
auto-bind,2021-10-18T05:54:17.480Z,1,426567118.0,12,35,0,2022-07-08T00:50:06Z,36,7,462,36,1500,1763,1
bytes,2022-01-28T05:02:37.661Z,2,4632575316.0,18,2,1,2014-12-23T18:30:35Z,14,3,14,14,4254,1661,1
@zmotivat0r/mrepo,2021-10-22T12:22:08.745Z,1,4562.0,33,0,2,2023-01-07T06:24:40Z,100,1,67,131,1317,1759,1
aws-sdk-client-mock,2024-10-15T12:49:34.458Z,1,102418934.0,39,49,26,2026-01-29T15:28:29Z,100,14,911,231,199,670,0
call-bind,2026-04-09T15:38:08.274Z,1,4006487194.0,10,8,2,2026-04-09T15:37:36Z,72,1,12,72,129,129,0
apollo-angular,2026-08-11T07:23:01.180Z,4,11277967.0,360,309,21,2026-08-11T07:23:02Z,100,7,1516,2025,5,5,0
body-scroll-lock,2021-06-23T13:12:59.790Z,1,65471556.0,89,326,83,2023-03-30T18:49:50Z,100,11,4101,293,1235,1880,1
ava,2026-05-17T19:30:55.528Z,2,28852285.0,121,1460,54,2026-06-17T10:19:10Z,100,21,20832,2090,60,91,0
blocking-proxy,2017-10-18T21:38:25.843Z,1,30999492.0,7,30,25,2022-06-12T12:31:08Z,78,14,46,78,1526,3224,1
babel-cli,2017-08-16T15:54:25.041Z,3,23829354.0,75,5982,592,2026-08-16T08:21:06Z,100,12,43985,18608,0,3287,0
@webassemblyjs/ast,2024-11-06T21:53:36.253Z,1,1782587390.0,89,95,69,2025-01-27T05:00:50Z,100,9,835,2152,566,648,1
bs-logger,2018-11-10T06:30:07.047Z,1,957644223.0,7,2,1,2023-01-04T11:27:59Z,24,1,7,24,1320,2836,1
bpmnlint,2026-04-22T08:42:40.837Z,12,1331865.0,83,48,14,2026-04-22T08:42:44Z,100,7,168,662,116,116,0
ansi-cyan,2015-05-22T01:57:50.573Z,1,51287677.0,2,5,3,2018-11-27T06:29:04Z,1,1,8,1,2819,4104,1
ansi-blue,2015-05-22T01:57:43.903Z,2,10233876.0,2,0,0,2015-05-24T05:57:25Z,1,1,3,1,4102,4104,1
babel-plugin-transform-typescript-metadata,2025-10-29T19:44:29.923Z,1,161788866.0,9,19,9,2025-10-29T19:44:18Z,86,6,223,86,291,291,0
ansi-white,2015-05-22T01:58:30.616Z,2,10057673.0,2,0,0,2015-05-24T05:56:44Z,1,1,1,1,4102,4104,1
babel-loader,2026-03-09T17:58:03.612Z,4,1129138889.0,84,453,59,2026-08-04T14:59:39Z,100,20,4838,642,12,160,0
browserstack-local,2026-04-09T12:34:26.031Z,1,32989379.0,35,54,25,2026-08-14T10:52:17Z,100,16,72,258,2,129,0
ansi-gray,2015-05-22T01:57:56.764Z,1,104028209.0,2,3,1,2015-05-24T05:52:17Z,1,1,21,1,4102,4104,1
arr-union,2016-02-23T12:54:40.819Z,1,718482940.0,6,10,1,2020-11-05T07:59:12Z,27,1,24,27,2110,3827,1
better-sqlite3,2026-08-05T03:47:44.751Z,1,230307755.0,159,472,54,2026-08-10T03:10:10Z,100,13,7439,1631,6,11,0
ansi-escapes,2026-02-04T16:21:10.230Z,1,4654047314.0,28,54,1,2026-02-04T16:21:10Z,82,17,553,82,193,193,0
bunyan,2021-01-08T23:26:28.125Z,1,149704615.0,112,503,230,2023-09-18T16:20:50Z,100,29,7206,713,1063,2046,1
@webassemblyjs/wasm-parser,2024-11-06T21:53:38.577Z,1,1726408263.0,89,95,69,2025-01-27T05:00:50Z,100,9,835,2152,566,648,1
apollo-upload-client,2026-07-29T05:14:18.919Z,1,41314040.0,63,154,2,2026-07-29T05:15:18Z,100,3,1542,543,18,18,0
ansi-reset,2015-05-22T01:58:21.312Z,2,10160941.0,2,0,0,2015-05-24T05:57:58Z,1,1,2,1,4102,4104,1
browserstack,2020-12-12T19:42:08.075Z,3,36699865.0,19,49,4,2024-07-12T23:31:56Z,88,15,213,88,765,2073,1
asl-validator,2025-06-12T06:27:59.362Z,2,8540724.0,75,30,2,2025-06-12T06:27:58Z,100,11,115,276,430,430,1
@zen-browser/surfer,2026-08-16T09:29:32.885Z,1,84715.0,221,26,9,2026-08-16T09:21:18Z,100,5,162,716,0,0,0
ansi-yellow,2015-05-22T01:58:35.632Z,1,10601855.0,2,0,0,2015-05-24T05:56:51Z,1,1,4,1,4102,4104,1
angularx-qrcode,2026-07-24T19:42:39.493Z,1,13796828.0,122,135,8,2026-08-10T22:37:53Z,100,4,511,492,6,23,0
argparse,2026-07-14T05:48:02.619Z,1,8668523096.0,31,75,1,2026-08-12T08:22:50Z,100,2,510,360,4,33,0
ansi-red,2015-05-22T01:58:18.580Z,1,59197398.0,2,4,0,2018-11-27T06:30:52Z,1,1,8,1,2819,4104,1
babel-plugin-dynamic-import-node,2020-04-21T19:01:34.019Z,6,274359089.0,12,47,1,2023-03-04T01:43:36Z,84,12,574,84,1261,2308,1
ansi-dim,2015-05-22T01:57:53.207Z,2,10012599.0,2,0,0,2015-05-24T05:57:33Z,1,1,1,1,4102,4104,1
abstract-logging,2020-10-17T12:15:48.198Z,1,266588210.0,3,1,1,2020-10-17T12:14:11Z,10,2,34,10,2129,2129,1
bunli,2026-04-09T11:21:48.214Z,1,84776.0,21,5,10,2026-06-17T10:42:43Z,100,3,95,258,60,129,0
aws-sdk-client-mock-jest,2024-10-15T12:49:36.193Z,1,26250076.0,21,49,26,2026-01-29T15:28:29Z,100,14,911,231,199,670,0
ast-types-flow,2023-04-15T00:34:00.324Z,1,1343221149.0,8,2,0,2023-04-15T00:34:21Z,28,2,16,28,1219,1219,1
call-bound,2025-03-03T17:50:03.505Z,1,4322350713.0,4,2,2,2025-03-03T17:50:00Z,20,1,5,20,531,531,1
allure-js-commons,2026-06-26T14:39:03.643Z,4,86853850.0,111,135,72,2026-08-14T13:15:47Z,100,11,280,914,2,51,0
ansi-regex,2026-08-12T14:33:26.744Z,1,18882203472.0,21,89,0,2026-08-12T14:30:19Z,66,13,202,66,4,4,0
boxen,2024-08-05T11:05:04.703Z,1,1300349187.0,41,59,5,2025-09-19T03:55:38Z,100,20,1674,127,331,741,0
adjust-sourcemap-loader,2022-10-14T00:47:23.079Z,1,444376280.0,11,9,0,2022-10-14T00:49:44Z,56,4,11,56,1402,1402,1
@ywal123456/jskim,2026-08-06T08:38:48.914Z,1,1918.0,14,0,0,2026-08-06T09:29:58Z,100,1,0,235,10,10,0
aws-serverless-express,2020-12-06T23:10:07.345Z,2,7824572.0,33,675,96,2026-04-16T07:58:53Z,100,16,5263,544,122,2079,0
appium-android-driver,2026-08-08T06:37:14.558Z,5,29563114.0,560,219,0,2026-08-08T06:37:06Z,100,8,263,1707,8,8,0
@xof/fetch,2026-08-15T18:51:47.413Z,2,2275.0,16,0,2,2026-07-27T10:34:59Z,1,1,1,1,20,1,0
ag-grid-enterprise,2026-08-05T09:00:24.161Z,4,47664501.0,242,2080,83,2026-08-16T09:35:11Z,100,14,15544,46871,0,11,0
aws-xray-sdk-express,2025-11-20T23:24:15.026Z,9,19292815.0,66,158,105,2026-04-14T01:20:39Z,100,17,280,560,124,269,0
bole,2026-08-10T08:37:00.946Z,1,51040077.0,54,15,0,2026-08-10T08:33:50Z,100,4,276,140,6,6,0
babel-plugin-transform-async-to-promises,2021-12-29T14:54:52.073Z,1,14143177.0,36,20,12,2023-03-04T02:31:27Z,100,8,248,518,1261,1691,1
ansi-green,2015-05-22T01:57:59.263Z,1,13262644.0,2,0,2,2015-05-24T05:52:00Z,1,1,6,1,4102,4104,1
ansi-grey,2015-05-22T01:58:01.856Z,2,10086659.0,2,1,0,2015-05-24T05:52:13Z,1,1,4,1,4102,4104,1
alvamind-workflow,2025-03-19T16:05:08.613Z,1,99419.0,15,0,0,2025-03-19T16:05:16Z,11,1,0,11,515,515,1
babel-plugin-module-resolver,2026-03-16T15:32:37.961Z,1,171978840.0,29,204,102,2026-03-16T16:23:16Z,100,40,3476,232,153,153,0
ag-charts-community,2026-08-05T08:02:56.898Z,1,50318598.0,97,41,3,2026-08-14T18:52:49Z,100,8,477,34883,2,11,0
ag-grid-community,2026-08-05T09:00:17.397Z,4,102541329.0,142,2080,83,2026-08-16T09:35:11Z,100,14,15544,46871,0,11,0
copy-anything,2025-03-24T18:18:23.270Z,1,658774892.0,33,9,1,2025-03-24T18:18:25Z,82,3,50,82,510,510,1
dom-helpers,2025-06-20T07:39:05.733Z,3,1734197928.0,36,67,18,2026-08-14T22:13:19Z,100,8,402,192,2,422,0
chalk,2026-07-26T14:51:07.269Z,1,19718690330.0,44,1022,0,2026-07-26T14:51:04Z,100,18,23307,377,21,21,0
connect-mongo,2025-11-30T23:46:37.230Z,2,9473449.0,69,337,8,2025-12-04T14:55:19Z,100,13,1972,553,255,259,0
couchdb-push,2021-10-14T11:32:43.621Z,1,45885.0,23,10,8,2023-10-17T09:06:19Z,100,4,40,131,1034,1767,1
cassandra-driver,2026-05-06T19:41:48.765Z,2,9496157.0,54,206,0,2026-08-08T06:56:53Z,100,18,1269,1496,8,102,0
cli-table3,2024-05-12T16:36:50.079Z,2,1175473299.0,9,50,13,2026-04-19T18:21:47Z,100,14,631,417,119,826,0
css-minimizer-webpack-plugin,2026-03-02T18:29:38.240Z,7,392639502.0,37,32,0,2026-05-08T17:31:03Z,100,8,324,276,100,167,0
camelcase-css,2018-08-11T00:59:21.455Z,1,1481333047.0,4,5,0,2023-03-02T18:04:50Z,6,2,15,6,1263,2927,1
debug,2025-09-13T17:25:19.732Z,2,25715971537.0,77,988,60,2026-04-01T12:03:30Z,100,31,11451,553,137,337,0
compression,2025-07-17T17:36:13.234Z,3,1715238003.0,39,252,11,2026-08-05T08:38:37Z,100,15,2805,443,11,395,0
continuation-local-storage,2017-11-20T21:22:43.754Z,2,106405487.0,38,206,42,2022-12-06T16:29:15Z,100,10,1135,150,1349,3191,1
compare-versions,2024-07-13T15:16:58.222Z,1,521670689.0,37,60,6,2024-07-15T17:46:01Z,100,10,637,135,762,764,1
css-declaration-sorter,2026-04-07T18:15:32.648Z,1,712146295.0,48,22,1,2026-08-03T19:15:13Z,100,7,386,380,13,131,0
db-migrate-pg,2023-09-12T21:08:52.191Z,1,4712753.0,42,50,19,2023-10-19T06:25:26Z,100,11,68,170,1032,1069,1
data-view-byte-length,2024-12-20T04:57:35.514Z,1,2387076205.0,3,1,1,2026-01-13T19:31:19Z,19,1,2,19,215,604,0
chai-as-promised,2025-08-22T17:27:30.232Z,2,86047672.0,34,108,28,2026-08-10T07:56:24Z,100,8,1419,279,6,359,0
cross-fetch,2024-12-21T15:03:07.027Z,1,1386192726.0,51,106,24,2025-04-15T12:40:26Z,100,2,1695,689,488,603,1
corser,2016-08-16T19:00:02.248Z,1,256844265.0,11,11,2,2018-07-20T18:03:20Z,100,4,94,158,2949,3652,1
convex-helpers,2026-08-14T00:44:16.921Z,16,9723838.0,236,92,16,2026-08-14T23:58:57Z,100,7,488,2222,2,2,0
cometd,2026-06-10T11:48:40.971Z,1,733415.0,98,17,0,2026-06-10T11:52:20Z,91,1,27,91,67,67,0
copy-webpack-plugin,2026-03-02T16:45:25.776Z,7,551273294.0,83,282,4,2026-08-12T19:42:12Z,100,8,2851,519,4,167,0
css-select,2026-03-22T22:44:26.452Z,1,2810756013.0,31,78,5,2026-08-14T13:53:30Z,100,2,632,1857,2,147,0
chai,2025-12-22T21:26:03.989Z,1,2643353391.0,110,722,84,2026-08-10T07:36:53Z,100,11,8266,1739,6,237,0
common-tags,2021-11-16T20:07:41.248Z,2,937880212.0,26,62,12,2021-11-16T20:12:44Z,100,6,2026,343,1734,1734,1
cssesc,2019-02-04T16:34:20.250Z,1,2912997316.0,5,20,6,2023-02-02T10:10:22Z,28,4,176,28,1291,2750,1
cookie-session,2025-07-17T17:39:03.494Z,6,17243794.0,20,210,5,2026-08-05T13:59:19Z,100,12,1149,435,11,395,0
command-line-args,2026-03-23T15:50:32.960Z,1,247977765.0,76,103,7,2026-07-14T14:19:48Z,100,6,719,435,33,146,0
cypress,2026-08-10T17:12:48.538Z,2,340832318.0,289,3645,1013,2026-08-16T01:39:51Z,100,12,50974,23327,0,6,0
curl-cffi,2026-05-08T13:54:52.394Z,1,14398.0,51,6,0,2026-05-08T13:39:56Z,100,2,33,162,100,100,0
constants-browserify,2015-07-13T18:16:42.306Z,1,529045201.0,3,17,2,2025-05-12T10:13:54Z,17,1,30,17,461,4052,1
db-migrate,2023-09-07T13:30:23.342Z,2,6638040.0,145,361,106,2025-08-04T08:05:33Z,100,5,2344,1205,377,1074,1
css-loader,2026-02-16T13:27:57.741Z,3,1261626462.0,154,609,15,2026-08-12T19:43:52Z,100,14,4321,879,4,181,0
connect-pause,2026-08-06T18:41:57.820Z,1,12469819.0,3,3,0,2026-08-06T18:41:03Z,5,1,12,5,10,10,0
chalk-animation,2022-09-06T09:43:40.228Z,1,6042839.0,18,76,4,2022-11-13T10:59:52Z,53,8,2182,53,1372,1440,1
compression-webpack-plugin,2026-03-02T17:55:03.416Z,7,62851946.0,59,108,3,2026-08-12T19:56:22Z,100,9,1425,291,4,167,0
cli-truncate,2026-07-09T15:40:06.568Z,1,1936185396.0,18,17,0,2026-07-09T15:40:07Z,47,9,97,47,38,38,0
code-block-writer,2024-10-05T13:30:28.911Z,1,563059189.0,86,4,5,2024-10-05T13:29:59Z,100,3,218,257,680,680,1
csstype,2025-11-17T11:42:27.045Z,2,4501558112.0,83,75,63,2026-04-10T20:20:06Z,100,7,1813,380,128,272,0
cytoscape,2026-08-11T15:47:58.322Z,6,261408694.0,269,152,7,2026-08-15T22:56:18Z,100,14,724,202,1,5,0
cli-boxes,2024-08-04T17:57:54.988Z,1,1322742619.0,8,9,1,2024-08-05T04:54:36Z,23,9,110,23,741,742,1
cuimp,2026-08-14T23:51:49.961Z,1,716660.0,33,21,0,2026-08-14T23:55:40Z,100,7,89,231,2,2,0
class-variance-authority,2024-11-26T08:20:34.604Z,1,1356306062.0,27,136,0,2026-08-16T07:52:36Z,100,13,6874,256,0,628,0
css-in-js-utils,2020-08-11T13:10:49.966Z,1,270539932.0,12,11,1,2023-12-04T10:43:01Z,50,8,77,50,986,2196,1
dns-prefetch-control,2019-09-01T18:30:19.146Z,1,6477894.0,3,1,0,2020-06-29T17:47:52Z,32,2,9,32,2239,2541,1
console-log-level,2019-03-16T08:16:36.175Z,1,34172075.0,9,30,2,2023-12-03T14:06:30Z,44,3,115,44,987,2710,1
csrf-csrf,2025-05-27T02:05:17.214Z,1,5899027.0,30,25,8,2025-06-14T02:28:57Z,100,6,192,146,428,446,1
chalk-template,2025-09-08T15:13:28.338Z,1,599248969.0,9,13,1,2025-09-08T15:13:30Z,22,7,98,22,342,342,0
cliff,2014-12-06T21:43:37.201Z,2,16514554.0,11,15,4,2022-01-29T14:36:13Z,66,6,192,66,1660,4271,1
default-require-extensions,2022-10-07T10:50:35.395Z,2,360326586.0,4,5,0,2022-10-27T09:04:34Z,12,4,11,12,1389,1409,1
css-functions-list,2026-02-10T11:49:05.700Z,1,298124590.0,12,3,1,2026-02-10T11:49:08Z,45,5,1,45,187,187,0
classnames,2023-12-29T15:55:16.013Z,2,1120130647.0,30,558,4,2026-08-14T02:33:03Z,100,3,17787,508,2,961,0
csso,2022-08-10T17:40:57.922Z,3,1147544823.0,82,189,95,2024-06-21T16:11:18Z,100,6,3787,1088,786,1467,1
clean-css,2023-11-30T09:05:04.410Z,2,988368701.0,211,319,39,2024-10-18T06:34:43Z,100,23,4198,1781,667,990,1
dargs,2021-06-30T06:08:55.643Z,1,452833830.0,20,19,0,2023-02-19T09:21:30Z,69,14,187,69,1274,1873,1
dbmate,2026-08-07T21:27:50.407Z,2,3744641.0,51,361,21,2026-08-07T21:23:57Z,100,19,7046,471,9,9,0
define-data-property,2024-02-13T16:56:02.666Z,1,3456653760.0,7,2,1,2026-01-13T19:32:22Z,44,1,3,44,215,915,0
cliui,2025-03-17T02:36:25.499Z,2,7719187363.0,27,44,12,2026-08-09T02:43:43Z,100,15,396,139,7,517,0
detective-vue2,2026-06-06T18:49:21.940Z,2,116284640.0,14,3,0,2026-08-12T06:00:45Z,76,5,1,76,4,71,0
db-migrate-shared,2018-04-10T06:21:17.794Z,1,6403352.0,7,22,3,2023-03-31T08:05:16Z,21,2,13,21,1234,3050,1
case-sensitive-paths-webpack-plugin,2021-02-22T18:21:06.617Z,1,445714948.0,14,44,8,2023-01-07T23:23:38Z,70,14,427,70,1317,2001,1
color,2025-11-14T18:41:59.513Z,1,1926779903.0,51,274,11,2025-11-14T18:40:24Z,100,29,4935,203,275,275,0
detect-node,2021-05-16T06:34:44.130Z,1,1061136517.0,8,16,2,2022-05-10T23:29:32Z,23,7,75,23,1559,1918,1
db-migrate-base,2020-12-26T17:44:02.630Z,2,6747512.0,30,16,12,2024-01-11T02:30:54Z,86,4,7,86,948,2059,1
clean-webpack-plugin,2021-09-01T13:41:41.162Z,1,114452833.0,28,136,34,2021-09-01T13:46:08Z,100,12,1940,187,1810,1810,1
css-tree,2026-03-05T14:12:36.884Z,2,3227940204.0,60,129,48,2026-03-05T14:58:51Z,100,12,2115,1249,164,164,0
deepmerge-ts,2026-08-16T05:45:28.297Z,1,426872147.0,60,11,0,2026-08-16T05:44:17Z,100,3,301,985,0,0,0
cli-cursor,2024-07-26T14:02:26.233Z,1,4079937354.0,9,8,0,2024-07-26T14:02:28Z,30,5,114,30,751,751,1
dashdash,2020-09-25T23:05:04.302Z,1,996589627.0,29,21,16,2023-03-05T01:43:18Z,100,4,176,161,1260,2151,1
cluster-key-slot,2022-11-01T14:03:06.331Z,1,842081901.0,16,11,3,2022-11-01T14:03:17Z,55,4,23,55,1384,1384,1
deep-eql,2024-06-03T08:03:16.644Z,1,1787635248.0,23,44,18,2026-01-12T21:58:48Z,100,17,112,120,216,804,0
connect-flash,2013-05-13T01:23:20.523Z,1,11403139.0,2,173,23,2024-05-28T04:49:59Z,31,3,1237,31,810,4843,1
domain-browser,2023-12-29T10:11:06.150Z,1,486502825.0,91,12,3,2026-08-11T20:43:27Z,98,7,32,98,5,961,0
crisp-api,2026-07-06T13:09:01.970Z,4,589536.0,95,41,1,2026-07-31T15:55:55Z,100,6,112,531,16,41,0
csrf-sync,2025-05-10T05:30:40.297Z,1,4936843.0,14,6,1,2025-05-10T05:30:17Z,57,5,41,57,463,463,1
css-color-keywords,2017-01-20T17:28:45.984Z,1,441341261.0,1,4,0,2017-01-20T17:28:14Z,13,1,9,13,3495,3495,1
dont-sniff-mimetype,2019-05-11T14:17:36.566Z,1,20960554.0,3,1,0,2020-06-29T18:55:09Z,44,2,18,44,2239,2654,1
check-dependency-version-consistency,2026-01-03T17:59:11.582Z,1,8429625.0,33,6,18,2026-08-02T20:21:59Z,100,4,80,1229,14,225,0
classpresso,2026-05-30T03:46:22.193Z,1,10449.0,32,5,0,2026-06-17T16:23:01Z,55,1,77,55,60,78,0
data-view-buffer,2024-12-20T04:53:13.303Z,1,2434353972.0,3,1,1,2026-01-13T19:31:17Z,21,1,2,21,215,604,0
deprecated-decorator,2016-04-12T07:17:24.399Z,1,25648948.0,7,6,2,2020-01-24T10:51:29Z,14,0,31,14,2396,3778,1
cli-highlight,2021-03-28T18:09:23.896Z,1,294329527.0,24,33,10,2026-08-13T12:59:00Z,100,8,334,112,3,1967,0
connect-redis,2026-07-24T20:26:40.365Z,3,54082848.0,79,348,0,2026-07-24T20:25:11Z,100,29,2822,351,23,23,0
cli-spinners,2026-01-13T15:09:46.171Z,1,2414287401.0,30,132,1,2026-02-16T01:42:41Z,99,37,2917,99,181,215,0
detect-node-es,2021-03-18T00:59:32.365Z,1,1539981697.0,2,2,0,2021-03-18T00:57:57Z,24,7,2,24,1977,1977,1
consola,2025-03-18T10:17:43.596Z,2,1508447496.0,93,222,40,2026-08-14T21:28:54Z,100,19,7317,580,2,516,0
diff,2026-04-13T12:39:24.498Z,2,4389168013.0,56,536,16,2026-08-12T15:56:02Z,100,8,9188,637,4,125,0
data-view-byte-offset,2024-12-19T05:59:20.613Z,1,2388657979.0,2,1,1,2026-01-13T19:31:21Z,20,1,2,20,215,605,0
cli-progress,2023-02-19T11:24:29.315Z,1,341525822.0,39,88,17,2023-10-23T16:58:31Z,100,13,1255,139,1028,1274,1
daisyui,2026-08-14T14:59:49.785Z,1,31838086.0,802,1675,14,2026-08-16T01:56:08Z,100,6,42089,3179,0,2,0
direction,2021-11-07T07:24:27.217Z,1,177679819.0,16,8,0,2024-10-25T11:13:35Z,100,2,45,123,660,1743,1
defs,2015-10-09T19:59:57.172Z,1,9302044.0,18,10,0,2019-11-06T16:35:42Z,100,5,114,194,2475,3964,1
drizzle-orm,2026-03-27T17:06:27.140Z,4,327240892.0,562,1529,1378,2026-08-12T14:22:15Z,100,17,35492,2939,4,142,0
commander,2026-05-29T09:16:23.076Z,2,15946076246.0,124,61,0,2015-04-01T05:52:37Z,100,8,1085,791,4155,79,1
cors,2026-01-22T14:41:30.223Z,3,2049301823.0,35,513,18,2026-06-02T20:00:40Z,100,24,6189,351,75,206,0
colord,2022-08-10T13:52:12.556Z,1,778008600.0,49,65,26,2026-05-23T00:25:16Z,100,7,1879,222,85,1467,0
ccxt,2026-08-11T11:40:25.706Z,2,3455919.0,2007,8813,221,2026-08-16T02:18:20Z,100,6,43638,99306,0,5,0
cli-color,2024-02-29T07:34:59.192Z,1,156942899.0,26,34,3,2024-02-29T07:34:44Z,100,3,675,335,899,899,1
dotenv-webpack,2026-03-07T23:32:18.800Z,1,60016787.0,47,75,13,2026-03-07T23:31:17Z,100,9,1296,485,162,162,0
drizzle-kit,2026-03-17T09:31:40.190Z,4,276066007.0,504,1529,1378,2026-08-12T14:22:15Z,100,17,35492,2939,4,152,0
conventional-changelog-angular,2026-08-10T21:36:49.676Z,5,586635861.0,56,743,15,2026-08-15T17:40:49Z,100,9,8498,1905,1,6,0
convex,2026-08-13T22:01:59.390Z,15,24195700.0,274,796,148,2026-08-14T22:36:18Z,100,16,12383,7629,2,3,0
diffable-html,2025-02-17T13:08:27.809Z,6,99543051.0,12,8,4,2025-02-18T08:36:28Z,67,7,38,67,544,545,1
centrifuge,2026-08-14T04:34:00.048Z,1,12331605.0,101,119,13,2026-08-14T04:33:14Z,100,7,500,517,2,2,0
color-string,2025-11-15T16:35:04.631Z,1,1847267490.0,42,75,7,2025-11-15T16:33:25Z,100,22,221,139,274,274,0
express-async-handler,2021-10-15T23:44:05.778Z,1,12655822.0,13,40,14,2023-09-27T20:37:04Z,52,11,581,52,1054,1766,1
eslint-import-resolver-typescript,2026-06-01T04:17:50.360Z,3,1346273470.0,80,73,12,2026-06-02T01:00:52Z,100,14,825,348,75,76,0
eslint-plugin-react-doctor,2026-08-13T11:40:10.814Z,1,357975.0,712,456,12,2026-08-16T09:34:01Z,100,5,14388,1369,0,3,0
enzyme,2019-12-20T00:08:40.725Z,3,72850111.0,54,1970,251,2025-10-22T15:55:30Z,100,9,19829,2038,298,2431,0
express-rate-limit,2026-08-04T14:34:38.370Z,2,1297114792.0,129,255,4,2026-08-10T20:32:43Z,100,13,3284,927,6,12,0
fast-string-truncated-width,2025-09-30T19:48:51.801Z,1,305267691.0,10,4,0,2026-07-16T13:48:39Z,32,3,23,32,31,320,0
eslint-plugin-react,2025-04-03T20:01:15.958Z,2,1920404449.0,216,2734,286,2026-07-30T05:32:25Z,100,32,9294,3437,17,500,0
express-http-context,2025-04-19T22:46:55.302Z,1,14492389.0,26,26,5,2026-02-14T03:49:43Z,100,9,313,119,183,484,0
es-iterator-helpers,2026-07-10T20:37:55.273Z,1,1774778679.0,29,2,1,2026-07-10T20:38:19Z,100,1,22,188,37,37,0
es-define-property,2024-12-06T18:16:02.148Z,1,5387396300.0,2,1,1,2024-12-06T18:15:59Z,15,1,5,15,618,618,1
embla-carousel,2025-04-04T17:37:38.980Z,1,882715573.0,239,256,5,2026-08-11T20:50:54Z,100,6,8390,2012,5,499,0
exegesis-express,2021-12-12T03:08:51.154Z,1,58683212.0,14,4,1,2023-07-27T15:28:44Z,100,4,58,126,1116,1708,1
fake-indexeddb,2025-11-07T15:23:51.459Z,1,112126891.0,52,78,7,2026-05-13T13:14:44Z,100,3,687,681,95,282,0
elegant-spinner,2021-09-07T13:54:44.061Z,1,112328008.0,4,8,0,2021-09-07T13:54:47Z,14,4,226,14,1804,1804,1
eslint-plugin-react-hooks,2026-04-17T18:03:19.591Z,1,2780105601.0,2750,51234,813,2026-08-14T17:33:13Z,100,25,247279,21639,2,121,0
express-request-id,2022-10-05T07:39:08.842Z,1,6224380.0,11,23,3,2023-12-28T15:44:06Z,39,10,124,39,962,1411,1
express-list-endpoints,2024-11-20T19:45:00.864Z,1,7598154.0,16,33,6,2025-02-18T00:37:12Z,100,3,183,221,544,634,1
extend-shallow,2017-12-20T19:11:38.344Z,2,3261428635.0,13,9,3,2021-08-07T21:20:05Z,47,3,33,47,1835,3161,1
es6-error,2018-01-03T15:10:37.718Z,1,586159572.0,15,29,5,2020-12-11T09:34:19Z,63,9,212,63,2074,3147,1
eslint,2026-08-07T20:21:24.770Z,2,5007775124.0,426,5163,98,2026-08-13T16:47:02Z,100,33,27458,10972,3,9,0
express-slow-down,2026-03-11T19:37:58.540Z,3,5096739.0,18,20,1,2026-08-04T14:10:28Z,100,7,302,418,12,158,0
esast-util-from-js,2023-07-31T08:41:46.875Z,2,158034625.0,6,2,0,2023-07-31T08:41:44Z,34,1,14,34,1112,1112,1
estree-util-is-identifier-name,2023-07-19T10:26:42.216Z,2,853958354.0,6,1,0,2023-07-19T10:26:39Z,42,3,3,42,1124,1124,1
express-mongo-sanitize,2022-01-14T11:13:09.713Z,1,11634272.0,11,18,5,2023-05-11T21:48:37Z,70,7,218,70,1193,1675,1
eslint-nibble,2025-10-22T11:33:37.557Z,1,6156914.0,43,32,11,2025-11-21T19:38:34Z,100,9,890,257,268,298,0
eslint-plugin-react-refresh,2026-08-10T13:31:03.554Z,1,1046749463.0,44,23,5,2026-08-10T13:53:54Z,86,17,336,86,6,6,0
enquirer,2023-07-28T12:26:30.586Z,2,1269937213.0,37,296,169,2024-06-11T15:05:05Z,100,29,7952,564,796,1115,1
ember-template-lint,2025-08-15T15:41:30.047Z,8,9032610.0,239,233,140,2025-12-01T10:45:02Z,100,7,265,5106,258,366,0
emittery,2026-03-04T20:22:44.524Z,1,1912840988.0,34,83,0,2026-05-24T15:04:08Z,100,24,2072,131,84,165,0
error-symbol,2015-05-28T03:39:05.449Z,1,9934954.0,1,0,0,2015-05-28T03:47:51Z,1,1,2,1,4098,4098,1
eslint-config-xo,2026-08-04T01:02:39.834Z,1,24853602.0,88,42,1,2026-08-04T14:06:01Z,100,4,284,435,12,12,0
duckdb,2026-01-30T16:12:43.668Z,2,12358922.0,2317,36,56,2026-01-30T16:11:48Z,100,9,90,232,198,198,0
estree-util-to-js,2023-07-31T10:25:17.852Z,2,206207363.0,5,2,0,2023-07-31T10:25:15Z,24,1,17,24,1112,1112,1
escape-html,2015-09-01T04:47:22.713Z,1,3328068484.0,5,65,1,2022-09-16T12:09:21Z,36,8,492,36,1430,4002,1
express-winston,2021-08-27T17:13:13.671Z,3,23345395.0,54,186,44,2024-01-17T14:42:49Z,100,28,793,308,942,1815,1
drizzle-seed,2025-01-29T15:32:59.310Z,4,8518684.0,248,1529,1378,2026-08-12T14:22:15Z,100,17,35492,2939,4,564,0
express-jwt,2024-12-09T17:36:06.557Z,21,33463419.0,73,443,50,2026-06-25T15:22:02Z,100,15,4515,328,52,615,0
ember-cli-babel,2026-02-02T17:17:16.574Z,3,41286590.0,155,115,42,2026-07-07T16:11:11Z,100,11,152,999,40,195,0
express-joi-validations,2024-05-06T11:03:57.398Z,1,57292975.0,6,0,0,2024-05-13T07:25:55Z,9,1,2,9,825,832,1
eslint-config-google,2019-09-02T19:10:47.693Z,4,25130184.0,17,134,12,2025-03-27T23:20:31Z,80,15,1770,80,507,2540,1
es-errors,2024-02-05T08:05:51.479Z,1,5556346896.0,5,3,1,2024-03-09T00:38:43Z,16,1,11,16,890,923,1
eslint-plugin-unicorn,2026-08-04T00:35:17.757Z,2,287164160.0,129,494,4,2026-08-14T13:09:48Z,100,3,5218,2209,2,12,0
express-handlebars,2026-04-04T01:55:22.732Z,3,21993233.0,65,70,1,2026-08-12T14:35:54Z,100,5,282,1517,4,134,0
elastic-apm-node,2026-07-08T22:59:07.159Z,3,21284509.0,172,246,332,2026-08-15T06:11:09Z,100,10,595,4226,1,39,0
express-static-gzip,2026-05-06T18:30:23.714Z,1,11034396.0,36,31,3,2026-05-06T18:31:51Z,100,14,150,161,102,102,0
embla-carousel-reactive-utils,2025-04-04T17:37:52.051Z,1,854800461.0,48,256,5,2026-08-11T20:50:54Z,100,6,8390,2012,5,499,0
fancy-log,2022-01-07T19:09:44.031Z,1,169169037.0,8,19,0,2023-12-29T20:11:28Z,30,5,123,30,961,1682,1
eslint-plugin-n,2026-08-08T14:03:55.663Z,2,286829954.0,90,63,26,2026-08-08T14:02:10Z,100,29,343,775,8,8,0
eslint-plugin-better-tailwindcss,2026-07-19T13:26:01.366Z,1,16004163.0,58,35,23,2026-07-19T13:25:25Z,100,8,824,881,28,28,0
escape-goat,2021-04-16T05:16:18.770Z,1,479771892.0,10,19,0,2026-07-23T13:15:35Z,32,9,551,32,24,1948,0
eslint-linter-browserify,2026-08-08T00:57:50.532Z,1,1483029.0,159,11,3,2026-08-13T00:19:19Z,100,3,43,1135,3,8,0
espree,2026-03-06T22:32:40.951Z,2,5212954296.0,103,231,7,2026-08-11T08:18:40Z,100,16,2386,831,5,163,0
fastest-levenshtein,2022-08-02T19:15:44.474Z,1,970461590.0,17,29,1,2024-03-17T10:30:39Z,100,8,771,134,882,1475,1
estree-to-babel,2026-03-04T11:29:55.167Z,1,47007199.0,65,7,0,2026-03-04T11:29:52Z,100,2,35,327,165,165,0
eslint-plugin-babel,2020-06-30T03:06:47.459Z,6,29734586.0,22,56,0,2020-07-31T17:01:40Z,100,27,382,129,2207,2238,1
express-prom-bundle,2024-10-12T13:43:57.066Z,1,32120359.0,56,70,11,2026-02-14T03:49:29Z,100,16,323,256,183,673,0
ejs-serve,2022-01-31T00:42:15.096Z,1,4319.0,41,0,1,2023-02-27T12:59:02Z,100,2,3,221,1266,1658,1
eslint-config-xo-react,2026-06-27T10:06:55.416Z,2,4391390.0,33,19,3,2026-06-27T23:36:12Z,100,7,121,162,50,50,0
eslint-import-resolver-alias,2018-12-08T12:48:55.342Z,1,72482435.0,8,9,10,2022-08-03T08:06:04Z,54,1,181,54,1474,2808,1
eslint-plugin-i18n-json,2024-12-19T14:47:29.657Z,17,6594076.0,14,27,18,2024-12-19T14:49:29Z,71,10,195,71,605,605,1
esquery,2025-12-31T15:44:57.664Z,2,4277100427.0,18,94,26,2025-12-31T15:42:18Z,100,21,889,152,228,228,0
express-urlrewrite,2024-10-02T17:02:43.050Z,1,13881077.0,9,14,0,2024-10-02T17:02:54Z,38,5,48,38,683,683,1
evlog,2026-08-11T22:02:57.258Z,1,3010524.0,49,59,15,2026-08-16T11:08:06Z,100,3,1790,925,0,5,0
esast-util-from-estree,2023-07-31T08:38:02.278Z,2,158167945.0,7,1,0,2023-07-31T08:38:00Z,42,2,1,42,1112,1112,1
enzyme-shallow-equal,2024-02-09T21:54:24.536Z,3,86279426.0,8,1970,251,2025-10-22T15:55:30Z,100,9,19829,2038,298,919,0
eslint-import-resolver-webpack,2026-04-02T14:28:36.719Z,3,59934367.0,46,1549,497,2026-07-16T21:20:53Z,100,22,5940,2382,31,136,0
drizzle-zod,2025-08-06T08:03:58.355Z,4,64588172.0,144,1529,1378,2026-08-12T14:22:15Z,100,17,35492,2939,4,375,0
esbuild-loader,2026-06-15T05:12:58.253Z,1,68663761.0,58,104,4,2026-08-14T20:49:50Z,100,11,3606,380,2,62,0
embla-carousel-fade,2025-04-04T17:37:50.278Z,1,28638142.0,20,256,5,2026-08-11T20:50:54Z,100,6,8390,2012,5,499,0
esbuild-raw,2025-06-29T05:34:44.930Z,1,7028.0,6,0,0,2025-10-21T16:25:57Z,100,1,4,943,299,413,0
express-basic-auth,2021-12-11T16:39:21.240Z,1,36620700.0,24,57,11,2023-01-23T21:54:16Z,73,1,334,73,1301,1709,1
fast-string-width,2025-09-30T10:31:05.462Z,1,306125586.0,11,0,1,2025-09-30T10:31:09Z,90,14,43,90,320,320,0
estree-util-visit,2023-07-19T12:35:15.970Z,2,265082179.0,5,1,0,2023-07-19T12:35:56Z,39,2,6,39,1124,1124,1
eslint-plugin-regex,2026-08-03T15:07:59.208Z,1,5935801.0,23,4,3,2026-08-03T14:37:37Z,19,2,39,19,13,13,0
enzyme-adapter-utils,2024-02-10T02:58:37.543Z,2,40726082.0,31,1970,251,2025-10-22T15:55:30Z,100,9,19829,2038,298,918,0
esraw,2025-06-29T05:34:39.603Z,1,8326.0,6,0,0,2025-10-21T16:25:57Z,100,1,4,943,299,413,0
express-openapi-validator,2026-01-20T01:08:03.949Z,1,22938919.0,310,238,163,2026-08-10T23:23:34Z,100,9,1005,2135,6,208,0
express,2025-12-01T20:49:43.268Z,5,3969511257.0,288,24672,105,2026-08-01T09:58:10Z,100,36,69346,6158,15,258,0
express-ws,2021-06-07T20:34:17.495Z,1,12496865.0,19,142,69,2024-07-28T09:18:31Z,83,13,882,83,749,1896,1
fast-check,2026-07-08T21:33:03.026Z,1,631580453.0,209,211,58,2026-08-14T22:41:32Z,100,5,5100,6770,2,39,0
eslint-watch,2021-11-08T05:36:55.130Z,1,7617209.0,51,29,9,2026-03-08T17:36:27Z,100,12,198,351,161,1742,0
easy-table,2021-10-06T20:20:14.876Z,1,193126571.0,9,26,4,2025-02-18T00:54:17Z,68,8,315,68,544,1775,1
express-useragent,2026-08-14T03:46:02.328Z,1,12238729.0,54,111,0,2026-08-13T07:03:10Z,100,15,654,314,3,2,0
esbuild-raw-plugin,2025-06-29T05:34:32.690Z,1,416795.0,6,0,0,2025-10-21T16:25:57Z,100,1,4,943,299,413,0
esw,2022-04-16T15:45:38.005Z,1,12386.0,31,0,8,2022-07-08T06:24:15Z,100,2,3,275,1500,1583,1
express-logging,2016-05-25T10:04:15.907Z,4,10745703.0,3,8,0,2019-11-06T18:38:56Z,21,4,17,21,2475,3735,1
express-promise-router,2021-11-30T18:42:41.918Z,2,23987499.0,24,41,3,2026-08-14T20:11:24Z,100,1,383,855,2,1720,0
eslint-plugin-testing-library,2026-03-24T11:40:47.169Z,2,383241584.0,217,168,30,2026-08-16T10:24:41Z,100,8,1062,980,0,145,0
eslint-import-resolver-babel-module,2023-01-16T20:28:10.736Z,1,11309766.0,25,28,19,2023-01-16T20:27:49Z,100,14,246,119,1308,1308,1
esm,2019-05-17T05:24:41.368Z,1,253261656.0,140,144,83,2024-04-10T19:03:12Z,100,6,5242,6378,858,2648,1
eslint-plugin-vue,2026-07-20T10:46:09.861Z,5,247124095.0,192,720,181,2026-08-15T13:31:57Z,100,24,4592,1612,1,27,0
embedded-postgres,2026-06-05T10:13:13.470Z,1,3937717.0,174,19,6,2026-06-05T10:12:27Z,100,3,144,321,72,72,0
enzyme-to-json,2021-04-08T10:33:24.097Z,2,32959856.0,55,61,11,2026-01-27T09:53:57Z,100,22,940,216,201,1956,0
esbuild-raw-loader,2025-06-29T05:34:50.278Z,1,7022.0,5,0,0,2025-10-21T16:25:57Z,100,1,4,943,299,413,0
eslint-webpack-plugin,2026-04-03T11:55:42.640Z,8,213153499.0,33,49,3,2026-08-12T19:57:03Z,100,12,255,207,4,135,0
express-fileupload,2025-07-05T13:36:31.374Z,2,23359874.0,50,259,20,2025-07-05T13:33:32Z,100,8,1557,540,407,407,1
enzyme-adapter-react-16,2024-02-10T05:27:10.975Z,2,39168950.0,43,1970,251,2025-10-22T15:55:30Z,100,9,19829,2038,298,918,0
esprima,2018-07-13T08:39:14.711Z,1,4130050663.0,46,773,140,2023-04-16T01:17:08Z,100,21,7138,1239,1218,2956,1
eslint-processor-vue-blocks,2025-02-08T03:16:55.066Z,1,38236949.0,6,1,2,2025-02-08T03:16:49Z,18,3,33,18,554,554,1
embla-carousel-react,2025-04-04T17:37:53.976Z,1,848737916.0,128,256,5,2026-08-11T20:50:54Z,100,6,8390,2012,5,499,0
eslintcc,2024-06-07T07:30:15.271Z,1,2521020.0,76,0,3,2024-09-24T01:42:37Z,100,2,40,243,691,800,1
eslint-rspack-plugin,2026-05-29T02:18:06.456Z,3,8523445.0,11,6,1,2026-08-15T02:14:28Z,100,10,9,236,1,79,0
environment,2024-05-14T07:02:20.386Z,1,1055485171.0,4,1,0,2024-09-13T06:20:07Z,5,1,167,5,702,824,1
eslint-traverse,2026-05-22T14:19:32.800Z,6,2296647.0,4,7,0,2026-05-22T14:18:20Z,8,3,34,8,86,86,0
es-object-atoms,2026-05-22T14:40:03.961Z,1,5529826364.0,5,1,1,2026-06-16T01:58:19Z,22,1,6,22,61,86,0
express-validator,2026-04-01T22:07:08.770Z,4,72113891.0,125,627,62,2026-08-09T09:25:52Z,100,20,6236,1148,7,137,0
embla-carousel-auto-scroll,2025-04-04T17:37:44.644Z,1,19734554.0,27,256,5,2026-08-11T20:50:54Z,100,6,8390,2012,5,499,0
embla-carousel-autoplay,2025-04-04T17:37:46.303Z,1,77264017.0,69,256,5,2026-08-11T20:50:54Z,100,6,8390,2012,5,499,0
electron-log,2026-05-14T01:42:41.167Z,1,32640153.0,165,136,16,2026-05-14T01:41:13Z,100,11,1468,569,94,94,0
expect-type,2026-06-25T13:41:23.573Z,1,1655117055.0,63,10,17,2026-08-14T23:35:44Z,100,8,564,161,2,52,0
html-assets-hash,2025-04-08T19:59:29.643Z,1,3062.0,1,0,0,2025-04-08T19:59:25Z,6,1,0,6,495,495,1
fishery,2025-12-08T21:16:55.009Z,2,35307674.0,24,41,17,2026-02-26T17:34:03Z,100,17,1025,180,171,251,0
html-webpack-plugin,2026-07-25T11:19:58.390Z,5,716960277.0,146,1291,31,2026-07-25T11:17:58Z,100,28,10725,840,22,22,0
hast-util-raw,2024-11-14T16:02:23.969Z,2,448279239.0,29,5,1,2025-04-21T11:25:45Z,100,2,12,178,482,640,1
highlightjs-vue,2019-11-18T13:16:23.472Z,1,175777840.0,2,5,5,2022-02-07T12:21:17Z,20,3,15,20,1651,2463,1
html-loader,2024-07-25T17:10:30.289Z,7,82690747.0,37,198,5,2026-08-12T19:42:52Z,100,7,1160,389,4,752,0
hsts,2019-03-10T17:31:37.991Z,1,23385548.0,9,13,0,2020-08-02T17:07:05Z,92,7,86,92,2205,2716,1
file-loader,2020-10-27T17:10:43.883Z,3,566206661.0,52,247,1,2021-03-05T11:12:45Z,100,25,1844,204,1990,2119,1
hast-util-from-parse5,2025-02-19T14:42:45.779Z,2,539787110.0,23,8,1,2025-02-19T14:42:43Z,100,5,17,153,543,543,1
hast-util-to-string,2024-09-27T11:49:09.914Z,3,182431258.0,8,13,1,2025-02-19T15:33:01Z,100,3,101,252,543,688,1
gluon-build,2022-06-20T09:44:23.215Z,1,1459.0,7,4,3,2022-10-23T10:07:09Z,100,2,34,145,1393,1518,1
gradient-string,2024-09-27T21:01:42.720Z,1,97227992.0,12,19,3,2024-10-12T08:36:03Z,47,2,1198,47,673,688,1
graphql,2026-07-03T06:28:49.985Z,6,1482839567.0,299,2129,51,2026-08-13T14:12:12Z,100,10,20344,3774,3,44,0
hast-util-is-element,2023-07-31T15:09:01.219Z,2,390293213.0,13,0,0,2023-07-31T15:08:59Z,100,3,12,105,1112,1112,1
http-graceful-shutdown,2026-07-15T17:43:42.409Z,1,13952454.0,47,20,0,2026-07-17T03:47:30Z,100,1,233,112,30,32,0
firebase,2026-08-04T22:44:27.337Z,4,283545410.0,4209,1033,450,2026-08-14T19:36:46Z,100,21,5136,4691,2,12,0
graphql-query-complexity,2026-07-23T01:58:51.573Z,1,34979106.0,26,42,9,2026-07-23T01:55:43Z,100,16,750,136,24,24,0
graphql-type-json,2020-06-10T03:55:41.589Z,1,63434005.0,13,54,9,2026-08-14T19:46:35Z,100,6,982,292,2,2258,0
hastscript,2025-02-19T13:18:00.722Z,2,799165640.0,22,14,0,2026-03-19T08:27:07Z,100,4,200,163,150,543,0
hast-util-to-parse5,2025-12-04T16:34:30.916Z,2,446717388.0,16,2,0,2025-12-04T16:34:28Z,100,3,2,128,255,255,0
find-babel-config,2024-09-02T12:31:23.877Z,1,174467679.0,12,7,3,2024-09-02T12:30:48Z,67,8,13,67,713,713,1
gremlin,2026-04-07T00:24:06.156Z,5,2993451.0,82,863,0,2026-08-13T01:28:45Z,100,5,2142,22489,3,131,0
fdir,2025-08-14T16:56:03.948Z,1,4284594276.0,45,70,18,2025-08-16T13:15:37Z,100,11,1730,352,365,367,1
gherkin-lint,2023-12-20T12:49:59.561Z,2,29025460.0,73,78,57,2024-08-19T09:05:31Z,100,8,200,455,727,970,1
html-to-text,2026-04-30T12:18:54.035Z,2,375667710.0,56,229,28,2026-05-02T10:01:39Z,100,3,1765,427,106,108,0
get-tsconfig,2026-08-12T15:27:13.116Z,1,2749806910.0,54,22,3,2026-08-13T02:45:58Z,100,15,254,200,3,4,0
graphql-import-macro,2020-04-21T07:56:55.283Z,1,12370796.0,1,0,2,2024-02-12T22:02:20Z,2,1,1,2,916,2308,1
helmet-csp,2026-07-12T01:19:46.089Z,1,23873667.0,43,410,4,2026-08-01T00:02:40Z,100,6,10717,1084,15,35,0
http-proxy-middleware,2026-07-04T21:49:09.221Z,1,1134122410.0,108,880,14,2026-08-15T17:30:37Z,100,7,11132,627,1,43,0
hasown,2026-05-28T18:11:39.940Z,2,6440023645.0,6,1,1,2026-07-30T05:04:55Z,31,2,3,31,17,80,0
has-values,2018-01-31T01:03:10.470Z,1,1077826478.0,7,4,2,2020-12-16T19:19:24Z,21,1,23,21,2069,3119,1
formdata-node,2023-10-24T21:55:05.888Z,1,477736711.0,76,17,1,2025-06-01T23:51:57Z,100,4,146,949,441,1027,1
graphql-yoga,2026-08-13T08:46:05.399Z,2,49077520.0,4493,595,106,2026-08-14T06:15:53Z,100,7,8530,3558,2,3,0
fork-ts-checker-webpack-plugin-alt,2018-10-28T14:55:47.389Z,1,1111235.0,2,3,0,2018-11-11T08:46:33Z,100,13,0,268,2835,2849,1
graphql-parse-resolve-info,2025-04-27T09:16:33.297Z,1,12645821.0,64,128,15,2026-03-23T11:51:06Z,100,19,764,1110,146,476,0
hide-powered-by,2019-05-26T19:07:41.569Z,1,20600729.0,3,3,0,2020-06-29T18:27:08Z,41,2,36,41,2239,2639,1
filelist,2026-04-11T21:11:27.304Z,1,1167892170.0,14,12,1,2026-04-11T21:11:20Z,62,8,7,62,127,127,0
hast-util-to-estree,2025-03-03T10:37:54.036Z,2,214907656.0,27,3,0,2025-03-03T10:37:50Z,100,4,19,142,531,531,1
filing-cabinet,2026-05-19T14:59:53.548Z,3,135593464.0,87,47,6,2026-08-04T05:04:44Z,100,8,87,362,12,89,0
get-symbol-description,2024-12-17T16:51:13.098Z,1,2782202662.0,4,3,2,2026-01-13T19:31:26Z,40,1,3,40,215,607,0
fetchff,2026-02-10T22:50:43.857Z,1,11330.0,21,3,4,2026-02-28T08:27:14Z,100,2,39,909,169,187,0
graphql-upload,2026-08-03T06:46:33.459Z,1,22642082.0,24,138,3,2026-08-03T06:47:17Z,100,1,1442,777,13,13,0
github-actionlint,2026-04-13T17:27:15.721Z,1,365446.0,2,1,1,2026-04-13T17:21:57Z,9,2,0,9,125,125,0
graphql-language-service,2026-06-06T19:50:40.200Z,13,40646650.0,289,1850,337,2026-08-11T01:11:23Z,100,11,16897,4237,5,71,0
graphql-playground-html,2021-11-04T18:07:26.225Z,6,27125801.0,56,724,342,2026-05-04T09:38:44Z,100,35,8832,1101,104,1746,0
graphql-transformer-common,2026-02-05T17:25:04.715Z,8,17470402.0,779,96,779,2026-08-14T10:01:10Z,100,5,95,8223,2,192,0
hast-util-to-jsx-runtime,2025-03-05T11:30:29.166Z,2,743203324.0,15,6,0,2025-03-05T11:30:26Z,91,4,88,91,529,529,1
graphql-request,2025-12-12T15:49:52.637Z,5,360709767.0,214,311,52,2026-05-11T20:17:22Z,100,2,6115,1133,97,247,0
highcharts,2026-06-11T06:56:25.775Z,10,100127443.0,119,147,0,2026-08-14T03:28:45Z,100,6,240,180,2,66,0
gulp-babel,2026-06-19T11:48:37.206Z,6,15238788.0,20,113,19,2026-07-21T18:39:23Z,100,27,1308,113,26,58,0
hast-util-to-html,2025-02-19T13:34:47.133Z,2,435000262.0,31,22,1,2025-02-19T13:34:45Z,100,7,118,184,543,543,1
hoist-non-react-statics,2020-01-22T23:21:02.975Z,1,1441048234.0,33,95,12,2023-05-26T05:15:42Z,100,26,1800,117,1178,2398,1
figures,2024-03-04T19:16:04.779Z,1,2812834617.0,25,24,0,2024-10-28T05:10:30Z,100,11,634,129,657,895,1
graphql-redis-subscriptions,2024-12-13T14:43:14.249Z,1,14785798.0,33,134,32,2025-05-21T16:11:59Z,100,8,1118,581,452,611,1
hast-util-to-text,2024-04-16T10:33:12.922Z,2,290363118.0,11,2,0,2024-04-16T10:33:09Z,78,3,25,78,852,852,1
file-stream-rotator,2022-11-13T16:02:09.757Z,1,62651937.0,23,70,10,2024-08-19T08:36:42Z,95,10,147,95,727,1372,1
has-gulplog,2022-08-26T17:43:53.550Z,2,43179769.0,2,2,0,2022-08-26T17:41:03Z,11,3,9,11,1451,1451,1
graphql-compose,2025-01-11T14:43:37.741Z,1,21558943.0,270,73,79,2025-01-11T15:31:11Z,100,16,1210,869,582,582,1
graphql-middleware,2023-07-07T16:38:01.222Z,6,14311010.0,107,58,20,2026-08-01T09:44:50Z,100,6,1145,559,15,1136,0
hast-util-from-html-isomorphic,2023-08-08T13:09:03.725Z,2,135205281.0,2,1,0,2023-08-08T13:08:54Z,19,2,9,19,1104,1104,1
faye-websocket,2021-05-24T22:11:37.500Z,1,1208225976.0,30,100,5,2023-09-07T18:19:35Z,100,7,613,314,1074,1910,1
globby,2026-08-07T12:33:05.967Z,1,3886340408.0,58,140,0,2026-08-07T12:07:52Z,100,11,2649,269,9,9,0
fetch-smartly,2026-04-04T12:04:53.829Z,1,1910953.0,3,0,0,2026-04-04T12:08:02Z,12,1,1,12,134,134,0
hast-util-from-html,2024-09-17T11:10:50.098Z,2,277926551.0,7,2,0,2024-09-17T11:10:48Z,37,3,40,37,698,698,1
helmet-crossdomain,2019-09-01T19:56:41.772Z,1,19603361.0,5,1,0,2020-06-29T19:13:42Z,58,4,11,58,2239,2541,1
http-server,2022-05-31T21:34:27.707Z,3,260794407.0,49,1557,79,2026-04-15T11:09:09Z,100,25,14207,684,123,1538,0
global-directory,2026-02-02T17:04:24.387Z,1,441414077.0,3,10,0,2026-02-02T17:04:26Z,39,7,77,39,195,195,0
hast-util-from-dom,2024-11-19T09:18:30.519Z,2,160199296.0,16,2,0,2024-11-19T09:17:55Z,100,5,23,104,635,635,1
feature-policy,2020-12-23T15:07:21.609Z,1,20103908.0,6,8,0,2026-08-13T21:47:56Z,92,4,15,92,3,2062,0
fraiseql,2026-07-24T15:00:48.808Z,1,2619.0,15,1,101,2026-08-15T23:32:18Z,100,0,8,3968,1,23,0
faye,2025-06-17T14:32:13.011Z,1,60201986.0,45,369,19,2025-06-17T14:32:36Z,100,9,4386,1427,425,425,1
graphql-fields,2019-03-05T01:35:03.085Z,1,12518018.0,11,28,12,2023-03-04T04:00:53Z,48,10,347,48,1261,2721,1
hast-util-has-property,2023-08-01T08:58:14.361Z,2,131440439.0,8,1,0,2023-08-01T08:58:12Z,89,3,1,89,1111,1111,1
fork-ts-checker-webpack-plugin,2025-04-03T16:20:14.240Z,1,919452699.0,224,257,34,2026-02-21T16:30:40Z,100,19,2000,645,176,500,0
helmet,2026-07-12T01:20:06.201Z,2,414839930.0,135,410,4,2026-08-01T00:02:40Z,100,6,10717,1084,15,35,0
framer-motion,2026-08-10T13:51:31.188Z,2,1294514323.0,1390,1317,105,2026-08-10T13:25:30Z,100,2,33254,7832,6,6,0
glogg,2024-03-23T22:40:48.184Z,1,106627575.0,7,7,0,2024-03-23T22:39:30Z,23,3,18,23,876,876,1
gulplog,2024-03-23T22:44:56.803Z,2,105736508.0,6,7,0,2024-03-23T22:44:38Z,29,6,58,29,876,876,1
frameguard,2020-12-21T18:00:12.298Z,1,8298936.0,10,410,4,2026-08-01T00:02:40Z,100,6,10717,1084,15,2064,0
graphql-ws,2026-08-06T09:06:24.027Z,2,436450097.0,182,176,7,2026-08-06T09:05:20Z,100,21,1871,896,10,10,0
gulp-tslint,2019-02-21T19:36:55.912Z,1,1714304.0,63,42,17,2023-04-15T17:55:03Z,100,22,123,216,1219,2733,1
graphql-config,2026-03-06T12:56:41.071Z,5,311668111.0,450,102,21,2026-03-25T21:54:45Z,100,11,1197,1694,144,163,0
generic-names,2021-12-22T11:24:56.487Z,2,167866434.0,9,9,1,2023-02-28T01:55:09Z,27,9,16,27,1265,1698,1
http-status-codes,2023-09-20T09:58:33.896Z,1,321913714.0,40,105,11,2024-07-23T17:07:48Z,81,13,1122,81,754,1061,1
html-base,2025-01-28T21:51:13.413Z,1,1550.0,21,2,1,2025-01-28T21:50:24Z,100,2,3,122,565,565,1
get-nonce,2020-04-17T05:10:02.775Z,1,1548309115.0,2,1,0,2022-03-17T22:49:52Z,8,2,0,8,1613,2312,1
gts,2025-12-15T17:44:25.825Z,2,23988072.0,53,211,39,2026-01-21T23:36:42Z,100,11,5289,615,207,244,0
http-mitm-proxy,2023-11-26T16:15:48.058Z,1,654503.0,22,164,87,2024-07-13T21:10:58Z,100,17,709,371,764,994,1
graphql-sse,2025-10-22T16:19:37.488Z,2,11030861.0,37,28,8,2026-08-13T08:15:09Z,100,12,460,267,3,298,0
hast-util-whitespace,2023-07-31T15:52:12.042Z,2,1050648997.0,8,2,0,2023-07-31T15:52:10Z,87,3,4,87,1112,1112,1
firebase-admin,2026-07-16T17:59:10.207Z,4,236284779.0,155,419,198,2026-08-13T22:10:59Z,100,13,1746,1506,3,31,0
hast-util-sanitize,2024-10-25T13:36:27.148Z,2,183056092.0,20,21,2,2024-10-25T13:36:16Z,100,4,59,158,660,660,1
fetch-mock,2025-10-30T13:03:40.601Z,1,55701863.0,241,191,4,2026-08-12T01:32:25Z,100,8,1308,2068,4,290,0
feature-fetch,2026-07-26T05:04:58.182Z,1,73634.0,58,3,1,2026-08-13T15:02:38Z,100,1,36,1174,3,21,0
has-tostringtag,2024-02-01T21:44:00.130Z,1,4923233338.0,3,3,1,2026-04-25T21:39:39Z,40,1,5,40,113,927,0
get-intrinsic,2025-02-22T20:54:20.619Z,1,6171568553.0,17,5,2,2026-01-13T19:32:28Z,100,2,35,111,215,540,0
follow-redirects,2026-04-13T11:03:45.228Z,2,3895557923.0,71,184,16,2026-04-13T11:05:47Z,100,17,580,379,125,125,0
graphql-mapping-template,2024-12-17T16:59:25.211Z,8,13736198.0,636,96,779,2026-08-14T10:01:10Z,100,5,95,8223,2,607,0
graphql-http,2026-08-07T16:20:52.934Z,3,41580435.0,39,37,6,2026-08-07T16:17:43Z,100,11,364,321,9,9,0
hammerkit,2026-05-31T15:10:49.945Z,1,3724.0,53,2,18,2026-05-31T17:34:26Z,100,1,56,280,77,77,0
has-flag,2021-07-19T17:30:54.122Z,1,12270063320.0,6,20,0,2021-07-19T17:30:58Z,22,7,96,22,1854,1854,1
grant,2025-02-04T17:31:14.941Z,1,15617841.0,101,268,40,2025-02-04T17:27:33Z,100,13,4170,1194,558,558,1
html-minifier-terser,2023-04-11T05:32:18.898Z,2,809607045.0,19,45,29,2026-08-10T23:27:24Z,100,12,476,1523,6,1223,0
fb-watchman,2022-09-21T19:53:18.615Z,2,1877991951.0,17,1062,219,2026-08-15T21:20:58Z,100,14,13676,14053,1,1425,0
hast-util-parse-selector,2023-08-01T11:57:16.332Z,2,785812292.0,14,2,0,2023-08-01T11:57:09Z,100,3,13,105,1111,1111,1
gopd,2024-12-04T16:21:52.727Z,1,5574103319.0,3,3,2,2026-04-20T21:00:09Z,26,1,3,26,118,620,0
hdb,2026-08-14T17:00:18.746Z,5,15231448.0,73,99,31,2026-08-14T17:12:13Z,100,7,323,469,2,2,0
js-message,2024-01-11T09:43:04.611Z,1,61708174.0,8,3,1,2024-01-11T09:45:41Z,20,2,10,20,948,948,1
lint,2026-04-25T10:58:58.854Z,1,2165553.0,53,3,0,2026-07-01T13:58:09Z,100,1,1,361,46,113,0
isomorphic-ws,2022-06-27T10:47:56.680Z,1,647417176.0,8,45,9,2023-06-20T06:12:50Z,33,9,417,33,1153,1511,1
is-what,2025-09-22T17:10:23.658Z,1,710490235.0,78,20,11,2026-01-21T23:42:16Z,100,5,201,264,207,328,0
jayson,2025-12-22T09:27:47.160Z,1,68274011.0,59,114,1,2025-12-22T09:24:20Z,100,2,726,610,237,237,0
last-call-webpack-plugin,2018-03-04T18:07:15.986Z,1,68648711.0,7,7,1,2021-05-06T22:23:33Z,22,1,31,22,1928,3087,1
is-plain-object,2020-09-09T16:30:03.627Z,3,2960751196.0,13,35,6,2024-03-29T03:45:01Z,51,7,158,51,870,2167,1
jake,2026-05-25T23:28:25.408Z,4,1196297154.0,172,191,61,2026-05-25T23:28:18Z,100,15,1974,1456,83,83,0
is-reference,2024-11-12T14:51:44.271Z,1,722571041.0,14,10,2,2026-01-20T18:49:55Z,47,6,26,47,208,642,0
log4js,2023-03-08T15:58:16.480Z,2,364520316.0,152,751,81,2026-07-25T20:53:06Z,100,11,5829,2238,22,1257,0
import-meta-resolve,2025-08-29T18:46:15.488Z,1,635362275.0,19,17,1,2025-08-29T18:46:10Z,95,9,145,95,352,352,0
kubo-rpc-client-esm-cjs,2023-10-27T04:46:26.237Z,1,17744.0,1,18,31,2026-08-10T10:05:28Z,100,16,48,389,6,1024,0
khroma,2023-10-12T23:03:38.130Z,1,236117885.0,10,8,1,2026-07-16T13:46:27Z,100,4,41,100,31,1039,0
is-shared-array-buffer,2024-12-18T16:27:56.450Z,1,2872744401.0,5,3,1,2026-01-13T19:31:49Z,50,1,3,50,215,606,0
level,2025-04-20T20:29:36.726Z,3,19192777.0,47,111,6,2026-05-02T00:40:26Z,100,11,1673,243,106,483,0
log-symbols,2025-05-21T13:47:39.089Z,1,3418337271.0,14,34,1,2025-05-21T13:47:41Z,47,13,772,47,452,452,1
json-to-pretty-yaml,2018-04-30T18:50:28.971Z,1,234487198.0,4,6,0,2021-03-20T11:37:20Z,33,3,15,33,1975,3030,1
is-data-view,2024-12-12T05:43:54.162Z,1,2414254960.0,3,1,1,2024-12-19T19:53:26Z,20,1,2,20,605,612,1
lodash,2026-04-01T21:01:20.458Z,1,5639912132.0,117,7199,54,2026-07-03T19:48:01Z,100,25,61288,7708,44,137,0
jest-cli,2026-05-09T00:31:19.114Z,5,1940797871.0,416,6725,138,2026-08-16T09:23:25Z,100,28,45469,7724,0,99,0
jest-preset-angular,2026-06-16T11:12:26.562Z,3,61190777.0,171,304,24,2026-08-12T19:59:28Z,100,4,920,3550,4,61,0
jest-serializer-html,2021-07-13T13:09:56.262Z,6,100045747.0,11,5,1,2023-03-03T07:43:00Z,44,5,53,44,1262,1860,1
loader-runner,2026-04-24T14:17:58.760Z,7,1744248296.0,16,63,0,2026-05-15T13:00:49Z,100,14,308,120,93,114,0
import-local,2024-07-22T10:56:48.659Z,1,1998375173.0,10,13,2,2024-07-22T10:56:51Z,30,8,155,30,755,755,1
less-loader,2026-05-20T15:34:33.973Z,7,326173104.0,73,198,0,2026-08-12T19:50:50Z,100,9,958,495,4,88,0
info-symbol,2015-05-28T03:39:16.153Z,2,10041868.0,1,0,0,2015-05-28T03:47:56Z,1,1,3,1,4098,4098,1
instapack,2021-04-07T11:40:18.848Z,1,11010.0,216,10,0,2024-12-07T02:49:09Z,100,1,144,934,617,1957,1
jasmine,2026-08-15T20:13:17.158Z,4,71196700.0,79,144,0,2026-08-15T20:11:52Z,100,1,381,634,1,1,0
it-ws,2024-07-30T12:41:23.612Z,2,1325622.0,26,12,2,2024-12-06T10:44:46Z,100,15,12,261,618,747,1
log-update,2026-04-05T07:47:54.404Z,1,1664875120.0,24,42,0,2026-04-05T07:47:52Z,83,14,1166,83,133,133,0
is-arguments,2024-12-13T07:05:22.707Z,1,1679325106.0,9,4,1,2026-03-20T06:03:33Z,100,2,17,161,149,611,0
kuler,2019-06-06T20:38:02.639Z,2,822205471.0,4,4,1,2020-02-25T13:43:15Z,10,2,22,10,2364,2628,1
license-webpack-plugin,2022-02-10T13:36:32.465Z,1,225570913.0,79,48,11,2023-10-29T21:32:43Z,100,9,172,292,1022,1648,1
machine-as-action,2020-09-08T15:36:05.224Z,3,1287396.0,61,3,0,2020-09-08T15:36:53Z,100,4,48,283,2168,2168,1
killable,2018-09-07T13:24:07.048Z,1,107308676.0,2,2,0,2018-09-07T13:24:19Z,2,1,28,2,2900,2900,1
keen-slider,2023-07-05T14:31:25.547Z,1,11828191.0,104,217,130,2026-01-22T00:15:07Z,100,11,5027,451,206,1138,0
knex,2026-06-26T14:56:43.597Z,5,175416107.0,264,2215,574,2026-06-26T15:02:12Z,100,33,20344,3212,51,51,0
jquery,2026-01-18T00:28:13.753Z,5,899589592.0,64,20376,73,2026-08-12T10:08:27Z,100,10,59781,6852,4,210,0
listr2,2026-07-21T21:57:27.630Z,1,1629013263.0,262,40,0,2026-08-14T20:37:24Z,100,1,680,2675,2,26,0
logkitty,2020-04-07T09:43:24.073Z,1,87258187.0,16,13,4,2024-02-28T15:37:14Z,46,6,77,46,900,2322,1
json-schema-to-ts,2024-08-29T16:56:23.135Z,1,528979909.0,80,39,22,2026-05-09T06:50:51Z,100,6,1778,403,99,717,0
is-core-module,2026-05-05T17:34:49.209Z,1,5206638906.0,26,12,1,2026-05-05T21:59:09Z,100,3,26,118,103,103,0
hyphenate-style-name,2024-06-17T12:23:16.496Z,1,395372397.0,7,7,0,2024-11-20T09:31:46Z,51,6,35,51,634,790,1
inferno-vnode-flags,2026-04-07T13:22:29.491Z,5,10457716.0,238,641,39,2026-06-12T16:51:23Z,100,5,16452,6365,65,131,0
jest-fixed-jsdom,2025-11-14T01:03:09.215Z,1,23136714.0,11,9,0,2025-11-14T01:03:10Z,38,9,95,38,275,275,0
libpg-query,2026-07-21T06:12:06.840Z,1,8997707.0,121,31,7,2026-08-06T04:27:57Z,100,1,77,594,10,26,0
jackspeak,2026-02-07T05:11:22.509Z,1,4532142939.0,66,6,2,2026-02-07T05:11:09Z,100,2,59,191,190,190,0
log-driver,2018-02-19T17:30:01.658Z,1,60580732.0,9,9,1,2019-04-21T03:34:14Z,43,4,5,43,2674,3100,1
karma,2024-07-29T17:42:15.520Z,5,161657894.0,213,1713,352,2026-06-10T04:55:37Z,100,29,11957,2850,67,748,0
kysely,2026-08-10T00:41:31.479Z,2,211208191.0,187,428,143,2026-08-14T07:45:52Z,100,8,14132,1550,2,6,0
jssip,2026-05-06T11:10:24.509Z,2,2292450.0,197,794,13,2026-05-06T11:10:02Z,100,15,2597,1193,102,102,0
lowdb,2023-12-26T23:26:38.995Z,1,85271513.0,76,962,13,2026-03-27T22:36:45Z,100,11,22571,547,142,964,0
kubit-forge,2026-03-17T10:37:29.001Z,1,6592.0,27,0,0,2026-03-17T10:37:30Z,1,1,0,1,152,152,0
mdast-util-definitions,2023-07-08T09:56:21.492Z,2,333729528.0,20,1,0,2023-07-08T09:56:19Z,100,4,11,141,1135,1135,1
is-array-buffer,2024-12-16T16:46:47.152Z,2,2767673317.0,11,6,0,2025-12-30T01:55:58Z,66,3,13,66,229,608,0
jest,2026-05-09T00:31:21.036Z,5,1955893275.0,380,6724,139,2026-08-15T09:46:07Z,100,27,45469,7720,1,99,0
jest-extended,2025-11-05T19:15:00.324Z,2,93842329.0,46,228,96,2026-08-14T22:29:51Z,100,6,2350,763,2,284,0
lazy-ass,2021-10-18T13:25:36.427Z,1,312566563.0,25,5,6,2021-10-18T13:25:34Z,100,1,71,125,1763,1763,1
lockfile-lint-api,2025-04-27T17:13:10.550Z,2,14184843.0,56,36,5,2026-08-13T16:50:30Z,100,8,866,310,3,476,0
mailosaur,2026-05-27T10:16:42.294Z,1,18227289.0,55,13,0,2026-08-04T07:50:20Z,100,6,22,196,12,81,0
markdown-to-jsx,2026-08-03T17:49:48.169Z,1,200850868.0,192,211,12,2026-08-14T01:30:22Z,100,10,2384,1007,2,13,0
loglevelnext,2023-10-18T02:49:11.340Z,1,21808796.0,20,6,0,2025-07-31T02:24:05Z,81,4,40,81,381,1033,1
known-css-properties,2025-06-14T15:20:34.871Z,1,464798638.0,45,12,5,2026-08-08T01:51:45Z,100,3,127,637,8,428,0
lmdb,2026-06-18T14:00:19.225Z,3,219059787.0,197,49,81,2026-06-18T13:28:25Z,100,7,669,2244,59,59,0
isows,2025-05-13T19:37:19.715Z,1,212693728.0,43,8,2,2025-05-13T19:37:20Z,46,7,58,46,460,460,1
is-builtin-module,2025-02-27T09:44:04.459Z,1,454759381.0,8,8,0,2025-02-27T09:44:06Z,23,5,63,23,535,535,1
lockfile-lint,2026-08-13T16:50:27.976Z,2,11839194.0,77,36,5,2026-08-13T16:50:30Z,100,8,866,310,3,3,0
jest-websocket-mock,2023-09-10T14:31:24.642Z,1,10478734.0,25,29,11,2024-02-11T21:38:09Z,100,12,176,162,917,1071,1
liquidjs,2026-08-11T12:56:12.647Z,1,62689820.0,234,281,10,2026-08-11T12:54:00Z,100,19,1858,1324,5,5,0
kist,2026-08-02T14:28:15.816Z,1,7191.0,29,0,0,2026-08-16T06:05:10Z,100,2,0,1811,0,14,0
launch-editor-middleware,2026-06-01T09:27:19.040Z,3,39171566.0,24,92,15,2026-08-15T22:11:49Z,100,33,721,114,1,76,0
kleur,2022-06-26T18:50:12.559Z,1,2845691751.0,21,52,8,2023-06-07T07:24:18Z,100,13,1694,125,1166,1512,1
knip,2026-08-11T20:34:19.949Z,1,310681602.0,616,464,17,2026-08-11T20:38:29Z,100,16,11961,4732,5,5,0
log-process-errors,2025-03-29T03:13:41.792Z,1,11513358.0,87,4,0,2026-08-04T15:58:41Z,100,2,469,2781,12,505,0
jscodeshift,2026-07-15T21:15:44.476Z,3,304468434.0,72,496,122,2026-08-11T06:18:05Z,100,29,10032,573,5,32,0
i18next-http-middleware,2026-07-28T21:49:19.424Z,2,12072016.0,58,30,3,2026-07-28T21:54:27Z,100,7,170,260,19,19,0
loglevel-plugin-prefix,2018-06-18T06:49:21.604Z,1,144726966.0,15,11,3,2022-02-11T00:24:31Z,31,2,64,31,1647,2981,1
linkifyjs,2026-05-13T03:30:02.339Z,1,355138701.0,55,187,34,2026-08-05T03:26:20Z,100,7,2039,553,11,95,0
jsgit-ssh,2026-08-01T23:59:38.530Z,1,637.0,4,0,0,2026-08-01T23:54:28Z,7,1,0,7,15,15,0
kubo-rpc-client,2026-06-09T08:13:55.276Z,3,1402767.0,34,18,31,2026-08-10T10:05:28Z,100,16,48,389,6,68,0
http-status,2025-01-04T17:21:55.694Z,1,48872650.0,42,56,3,2026-01-21T23:03:03Z,100,15,484,216,207,589,0
lenis,2026-08-05T10:06:31.867Z,2,21517783.0,114,663,18,2026-08-15T20:52:44Z,100,9,15432,1072,1,11,0
kinetex,2026-05-22T19:53:54.988Z,1,355552.0,2,0,73,2026-08-10T06:15:46Z,42,2,0,42,6,86,0
logform,2024-11-10T01:55:56.846Z,6,931069423.0,32,98,41,2026-07-20T10:02:56Z,100,17,267,242,27,644,0
jsdom-testing-mocks,2025-09-13T12:59:12.524Z,1,19507706.0,33,7,4,2025-09-13T12:58:33Z,100,7,129,111,337,337,0
markstream-vue,2026-08-14T00:18:36.063Z,1,368486.0,149,175,0,2026-08-14T04:18:31Z,100,1,2891,3223,2,2,0
input-otp,2025-01-06T11:48:28.790Z,1,750840125.0,24,85,3,2026-08-13T05:13:38Z,100,1,3187,509,3,587,0
lunx-dev,2026-07-28T09:03:10.646Z,1,444.0,3,0,0,2026-08-14T07:17:28Z,100,1,1,472,2,19,0
is-directory,2016-05-21T18:30:12.378Z,1,352740299.0,8,8,1,2016-11-21T15:03:03Z,19,2,27,19,3555,3739,1
is-installed-globally,2023-11-06T19:26:23.806Z,1,875327014.0,7,5,1,2023-11-06T19:26:27Z,21,5,71,21,1014,1014,1
jasminewd2,2017-10-05T23:04:58.109Z,1,32643622.0,17,30,25,2022-06-12T12:31:08Z,78,14,46,78,1526,3237,1
inferno-create-element,2026-04-07T13:22:33.857Z,5,8261954.0,312,641,39,2026-06-12T16:51:23Z,100,5,16452,6365,65,131,0
jsesc,2024-12-11T08:24:34.551Z,1,5871415277.0,23,53,20,2024-12-11T08:25:58Z,100,9,796,133,613,613,1
level-supports,2024-12-27T17:30:43.487Z,1,43776523.0,14,0,0,2026-04-01T10:38:44Z,78,3,5,78,137,597,0
karma-firefox-launcher,2024-03-03T23:32:01.011Z,4,24629470.0,21,54,26,2026-06-21T23:02:21Z,100,7,106,282,56,896,0
is-bun-module,2025-03-23T22:51:54.403Z,1,990318870.0,7,1,0,2026-06-01T22:50:32Z,100,2,7,101,76,511,0
icss-utils,2020-11-19T16:23:11.564Z,4,1116054236.0,10,17,4,2023-01-06T01:40:18Z,67,12,22,67,1318,2096,1
loglevel,2024-09-06T15:09:48.596Z,1,750001315.0,31,160,17,2025-03-20T15:13:43Z,100,9,2746,364,514,709,1
interpret,2022-06-29T21:21:35.360Z,3,1384762699.0,42,65,3,2024-08-15T19:15:20Z,100,18,263,168,731,1509,1
jasmine-core,2026-08-15T20:39:35.083Z,3,274955202.0,91,2238,5,2026-08-16T00:06:05Z,100,4,15824,3116,0,1,0
human-signals,2025-03-29T02:43:46.398Z,1,4970729695.0,16,15,0,2025-05-25T23:03:22Z,100,3,286,718,448,505,1
less,2026-08-13T21:35:49.072Z,5,459678305.0,151,3369,174,2026-08-13T22:21:40Z,100,19,17027,3087,3,3,0
inline-style-parser,2026-07-06T05:20:11.679Z,1,1115177838.0,13,3,0,2026-08-11T06:53:45Z,100,3,26,691,5,41,0
json-schema-typed,2025-11-17T20:30:24.942Z,1,765125213.0,7,6,2,2025-11-17T20:13:27Z,5,3,117,5,272,272,0
memfs,2026-08-10T13:07:45.323Z,1,1437526468.0,249,149,32,2026-08-10T13:01:54Z,100,5,2086,2194,6,6,0
nanvc,2026-05-03T16:35:03.342Z,1,6989.0,23,2,1,2026-08-12T03:10:53Z,100,3,5,427,4,105,0
mdast-util-to-hast,2025-11-23T21:08:34.155Z,2,1193274225.0,60,47,0,2025-11-23T21:08:31Z,100,7,122,292,266,266,0
mssql,2026-07-02T22:42:05.967Z,4,86925381.0,188,472,23,2026-08-12T09:20:28Z,100,2,2273,1604,4,45,0
ngx-echarts,2026-06-11T06:05:46.942Z,1,8770340.0,68,200,148,2026-06-11T06:15:11Z,100,13,1186,225,66,66,0
motion,2026-08-10T13:47:31.415Z,2,377350338.0,441,1317,105,2026-08-10T13:25:30Z,100,2,33254,7832,6,6,0
nocache,2023-06-01T12:10:05.852Z,1,127686800.0,14,11,0,2026-08-13T21:49:17Z,100,3,142,125,3,1172,0
nodemon,2026-02-20T23:05:18.913Z,1,544718293.0,263,1744,2,2026-08-03T16:53:59Z,100,4,26683,1482,13,177,0
microsoft-cognitiveservices-speech-sdk,2026-07-21T21:51:15.012Z,5,10577939.0,67,118,99,2026-08-14T17:49:08Z,100,21,324,531,2,26,0
micromark-util-types,2025-02-27T13:55:27.982Z,1,1412965690.0,11,87,7,2025-05-10T18:46:45Z,100,10,2209,656,463,535,1
ngx-markdown,2026-06-10T04:56:24.616Z,1,16066623.0,104,184,29,2026-08-09T11:59:13Z,100,5,1191,401,7,67,0
node-cache,2020-07-01T15:53:48.316Z,2,219630328.0,34,146,56,2024-06-04T17:30:54Z,100,11,2372,357,803,2237,1
metalsmith-optimize-html,2026-07-21T22:35:43.169Z,1,1627.0,23,0,0,2026-08-03T03:13:51Z,75,2,1,75,13,26,0
node-abi,2026-07-02T20:30:08.570Z,1,899367794.0,171,65,1,2026-08-03T16:57:37Z,100,7,182,374,13,45,0
mongoose,2026-08-10T18:23:25.714Z,3,230030178.0,1011,4031,164,2026-08-14T21:16:02Z,100,10,27473,24980,2,6,0
ngx-quill,2026-06-22T09:56:25.000Z,1,15634680.0,309,272,1,2026-08-08T01:55:13Z,100,9,1854,1767,8,55,0
morgan,2026-06-02T18:59:44.089Z,3,456135341.0,28,562,16,2026-08-02T16:29:10Z,100,11,8195,398,14,75,0
mock-property,2026-06-20T06:28:56.814Z,1,20150889.0,7,1,1,2026-06-20T06:29:25Z,51,1,7,51,57,57,0
node-datachannel,2026-08-15T12:58:57.330Z,1,2488890.0,88,78,10,2026-08-15T18:09:59Z,100,7,416,1014,1,1,0
mdast-util-directive,2025-01-22T14:54:37.720Z,2,115507338.0,13,6,3,2025-02-27T15:03:28Z,90,4,20,90,535,571,1
mdast-util-gfm,2025-02-10T12:33:52.269Z,2,851130569.0,9,11,0,2025-02-10T12:33:49Z,76,2,24,76,552,552,1
next-router-mock,2025-12-31T14:03:25.015Z,1,37892809.0,57,44,16,2025-12-31T14:03:26Z,100,12,424,449,228,228,0
mdast-util-gfm-strikethrough,2023-07-10T14:37:12.146Z,2,847663950.0,10,4,1,2026-06-03T16:41:50Z,61,3,5,61,74,1133,0
mdast-util-math,2023-07-16T11:25:47.253Z,2,173739371.0,9,4,1,2023-07-16T11:25:45Z,64,1,21,64,1127,1127,1
msw,2026-07-08T01:43:07.502Z,1,591861505.0,337,615,34,2026-07-24T08:54:35Z,100,13,18144,1789,23,39,0
neonctl,2026-08-16T09:23:57.764Z,6,5092944.0,212,12,2,2026-08-16T10:28:25Z,100,6,51,391,0,0,0
mdast-util-frontmatter,2023-09-14T12:24:07.538Z,2,177392784.0,6,1,0,2023-09-14T12:24:04Z,54,1,19,54,1067,1067,1
next-transpile-modules,2023-07-24T12:03:43.318Z,1,15917089.0,53,83,4,2023-07-24T11:43:57Z,100,8,1127,489,1119,1119,1
node-exports-info,2026-06-23T20:38:11.991Z,1,601000153.0,18,3,1,2026-06-23T22:28:58Z,83,1,1,83,54,54,0
ngx-cookie-service,2026-06-03T15:34:59.246Z,2,24005815.0,93,90,0,2026-08-03T16:16:21Z,100,5,561,526,13,74,0
ncp,2015-02-22T20:55:26.456Z,2,259336415.0,24,99,53,2020-08-08T08:01:58Z,100,17,681,120,2199,4193,1
mdast-util-to-markdown,2024-11-04T10:56:59.698Z,2,1177900355.0,41,28,4,2026-04-24T13:54:29Z,100,2,140,204,114,650,0
nakedjsx,2024-10-12T23:55:08.045Z,1,3608.0,139,2,0,2024-12-31T02:35:17Z,100,1,38,118,593,673,1
ng2-charts,2026-03-05T12:37:54.328Z,4,18546512.0,101,565,51,2026-03-05T12:38:00Z,100,7,2401,556,164,164,0
newman,2026-01-16T20:32:58.094Z,7,37089917.0,172,1225,254,2026-08-05T06:42:35Z,100,12,7246,4110,11,212,0
mdast-util-mdx,2023-07-12T08:30:04.157Z,2,259761035.0,7,3,1,2024-02-10T09:25:36Z,51,1,25,51,918,1131,1
neon-init,2026-08-06T06:55:35.640Z,2,3983596.0,36,12,2,2026-08-16T10:28:25Z,100,6,51,391,0,10,0
micromark-util-normalize-identifier,2024-11-12T11:17:41.347Z,1,1207823475.0,8,87,7,2025-05-10T18:46:45Z,100,10,2209,656,463,642,1
ntk-cms-api,2026-04-19T10:44:30.089Z,1,37336.0,844,0,0,2026-05-17T12:39:14Z,100,1,5,878,91,119,0
multer,2026-06-15T12:18:08.006Z,5,623361468.0,55,1133,184,2026-08-05T14:00:08Z,100,33,12083,421,11,62,0
normalize-range,2015-09-13T05:20:04.639Z,1,1367293833.0,3,5,0,2026-07-21T22:16:03Z,15,3,18,15,26,3990,0
ng-packagr,2026-08-04T09:19:28.591Z,1,54048386.0,403,300,13,2026-08-14T15:09:15Z,100,6,1857,2913,2,12,0
milliparsec,2026-02-09T14:24:24.598Z,1,5007922.0,29,8,0,2026-02-14T10:08:04Z,100,8,207,249,183,188,0
mdast-util-mdx-expression,2024-09-13T10:36:30.801Z,2,802930589.0,12,3,0,2025-11-19T19:41:30Z,85,2,5,85,270,702,0
mdast-util-gfm-task-list-item,2023-07-10T11:50:53.684Z,2,848400846.0,11,3,1,2023-07-20T07:37:17Z,62,2,6,62,1123,1133,1
moleculer-http-client,2021-06-18T10:19:50.718Z,2,39616.0,18,6,3,2023-06-19T18:26:09Z,100,4,19,105,1154,1885,1
nlcst-to-string,2023-07-17T11:35:24.826Z,2,112262266.0,21,5,0,2024-04-30T12:04:51Z,100,7,19,145,838,1126,1
node-pg-migrate,2026-07-17T08:50:59.857Z,3,11768751.0,217,195,28,2026-08-14T17:42:16Z,100,8,1475,1559,2,30,0
ng-http-caching,2026-07-22T06:16:46.464Z,1,136728.0,63,5,0,2026-08-08T07:04:18Z,100,2,54,398,8,25,0
msw-storybook-addon,2026-07-24T09:31:54.513Z,3,92920144.0,73,45,3,2026-07-29T10:20:22Z,100,17,493,104,18,23,0
metaapi.cloud-sdk,2026-01-11T09:36:20.499Z,1,270399.0,237,17,2,2026-05-12T11:25:54Z,26,1,92,26,96,217,0
mdast-util-gfm-autolink-literal,2024-08-19T09:42:23.383Z,2,849725195.0,10,20,2,2026-06-03T16:41:17Z,83,3,16,83,74,727,0
micromark-util-combine-extensions,2024-11-12T11:17:23.680Z,1,1191054944.0,8,87,7,2025-05-10T18:46:45Z,100,10,2209,656,463,642,1
null-loader,2020-10-09T15:01:04.393Z,3,72839956.0,7,23,0,2020-12-22T13:39:40Z,25,8,145,25,2063,2137,1
ng-mocks,2026-08-12T05:38:14.534Z,2,26846750.0,187,120,15,2026-08-14T23:56:06Z,100,3,1157,23857,2,4,0
nwsapi,2026-06-07T05:54:00.493Z,1,1833131314.0,43,50,3,2026-08-13T04:32:58Z,100,5,136,417,3,70,0
nitronplus,2026-08-16T00:08:17.160Z,1,8538.0,23,4,0,2026-08-13T18:04:47Z,49,2,20,49,3,0,0
micromark-util-resolve-all,2024-11-12T11:17:45.019Z,1,1191758616.0,8,87,7,2025-05-10T18:46:45Z,100,10,2209,656,463,642,1
mri,2021-09-12T22:35:52.359Z,1,710206533.0,10,20,7,2024-03-07T13:07:51Z,81,4,679,81,892,1799,1
nitron,2026-08-13T18:16:02.756Z,1,21997.0,7,4,0,2026-08-13T18:04:47Z,49,2,20,49,3,3,0
micromark-util-subtokenize,2025-02-27T13:48:52.891Z,1,1209839908.0,14,87,7,2025-05-10T18:46:45Z,100,10,2209,656,463,535,1
mdast-util-mdxjs-esm,2023-08-08T10:13:47.344Z,2,805260270.0,11,1,0,2024-09-13T10:00:51Z,74,2,7,74,702,1104,1
micromark-util-chunked,2024-11-12T11:17:17.117Z,1,1189976956.0,8,87,7,2025-05-10T18:46:45Z,100,10,2209,656,463,642,1
mini-css-extract-plugin,2026-03-26T12:29:35.739Z,3,803635460.0,84,393,30,2026-08-12T19:32:49Z,100,18,4663,474,4,143,0
mdast-util-mdx-jsx,2025-01-13T10:46:33.489Z,2,830433523.0,25,7,0,2025-11-19T19:41:26Z,100,5,32,124,270,580,0
micromark-util-decode-string,2024-11-12T11:17:30.843Z,1,1161319779.0,6,87,7,2025-05-10T18:46:45Z,100,10,2209,656,463,642,1
mdast-util-to-string,2023-07-07T16:19:50.488Z,2,1464989426.0,17,11,0,2024-04-30T11:41:31Z,100,4,46,133,838,1136,1
mxflow,2023-06-29T13:32:06.128Z,1,7540.0,139,0,0,2025-11-10T19:04:11Z,100,2,12,1097,279,1144,0
meow,2026-02-20T10:30:43.850Z,1,1620213083.0,46,154,3,2026-07-21T18:40:22Z,100,20,3710,209,26,177,0
micromark-util-decode-numeric-character-reference,2024-11-12T11:17:27.210Z,1,1202668710.0,6,87,7,2025-05-10T18:46:45Z,100,10,2209,656,463,642,1
mdast-util-from-markdown,2026-02-21T13:23:13.849Z,2,1326254379.0,32,24,2,2026-06-03T16:39:51Z,100,4,288,170,74,176,0
meros,2025-09-12T03:11:02.151Z,1,303333382.0,31,13,0,2026-07-13T08:19:57Z,100,6,203,201,34,338,0
ngx-primeng-toolkit,2026-04-02T04:59:08.561Z,2,11090.0,86,1,0,2026-04-02T04:59:09Z,100,3,1,210,136,136,0
npmize,2024-09-29T12:25:08.791Z,1,2327.0,39,0,0,2026-08-06T07:12:20Z,100,1,33,100,10,686,0
micromark-util-classify-character,2024-11-12T11:17:20.461Z,1,1230706616.0,8,87,7,2025-05-10T18:46:45Z,100,10,2209,656,463,642,1
moment,2023-12-27T10:38:43.272Z,6,1469520259.0,76,6981,168,2026-08-15T04:31:05Z,100,24,47917,4094,1,963,0
ngx-mask,2026-07-20T17:43:34.554Z,1,21804021.0,267,304,3,2026-08-08T01:54:55Z,100,3,1240,1310,8,27,0
mdast-util-gfm-footnote,2025-02-10T11:52:23.193Z,2,778555952.0,5,1,0,2026-06-03T16:42:33Z,46,2,5,46,74,552,0
next-logger,2025-10-08T08:07:39.079Z,2,9346138.0,26,16,14,2025-10-08T08:06:17Z,100,6,243,100,312,312,0
micromark-util-character,2024-11-12T11:17:13.750Z,1,1575644153.0,11,87,7,2025-05-10T18:46:45Z,100,10,2209,656,463,642,1
ngx-bootstrap,2026-08-12T08:48:47.399Z,3,16536925.0,119,1666,566,2026-08-14T14:58:26Z,100,26,5517,2632,2,4,0
node-sarif-builder,2026-08-11T08:56:38.124Z,1,99703329.0,149,3,2,2026-08-16T00:36:21Z,100,4,18,174,0,5,0
nth-check,2026-03-17T23:12:57.654Z,1,2375064942.0,9,32,0,2026-08-14T14:23:17Z,100,2,62,1093,2,152,0
ng2-pdf-viewer,2024-12-01T19:50:11.897Z,1,12781812.0,107,439,26,2026-02-05T23:13:35Z,100,12,1348,1144,192,623,0
mdn-data,2026-08-12T12:30:51.193Z,3,3346140628.0,88,216,36,2026-08-14T14:56:00Z,100,19,785,1410,2,4,0
micromark-util-symbol,2024-11-12T11:17:55.709Z,1,1625522769.0,9,87,7,2025-05-10T18:46:45Z,100,10,2209,656,463,642,1
node-polyfill-webpack-plugin,2024-12-04T14:20:26.706Z,1,114569683.0,14,34,14,2024-12-04T14:20:34Z,52,12,302,52,620,620,1
ngx-openapi-typescript,2026-07-17T11:46:04.109Z,1,512.0,3,0,0,2026-07-17T11:45:20Z,25,3,0,25,30,30,0
micromark-util-sanitize-uri,2024-11-12T11:17:48.745Z,1,1274801361.0,9,87,7,2025-05-10T18:46:45Z,100,10,2209,656,463,642,1
npm-run-path,2024-08-26T08:40:09.814Z,1,5264879440.0,14,10,0,2024-10-28T05:10:35Z,43,7,110,43,657,720,1
mdast-util-gfm-table,2023-07-10T15:15:32.984Z,2,855799143.0,16,11,1,2026-06-03T16:43:41Z,79,3,15,79,74,1133,0
micromark-util-html-tag-name,2024-11-12T11:17:37.806Z,1,1171074840.0,9,87,7,2025-05-10T18:46:45Z,100,10,2209,656,463,642,1
micromark-util-encode,2024-11-12T11:17:34.206Z,1,1294096657.0,9,87,7,2025-05-10T18:46:45Z,100,10,2209,656,463,642,1
minimizer-webpack-plugin,2026-05-27T17:31:23.783Z,6,43183290.0,3,165,6,2026-08-12T19:41:31Z,100,9,1963,427,4,81,0
mdast-util-find-and-replace,2025-01-03T12:27:35.988Z,2,845135684.0,12,4,0,2025-01-03T12:27:33Z,72,4,13,72,590,590,1
module-details-from-path,2025-04-29T16:59:53.775Z,1,1276060666.0,5,2,1,2025-04-29T16:59:28Z,25,3,7,25,474,474,1
nise,2026-04-11T16:53:28.589Z,4,337514846.0,63,50,4,2026-08-04T01:53:06Z,100,11,112,326,12,127,0
ngx-image-cropper,2026-01-08T20:21:44.994Z,1,10935930.0,118,214,3,2026-08-07T22:26:32Z,100,14,817,467,9,220,0
mime-db,2025-03-18T15:06:44.354Z,4,8841590629.0,64,287,26,2026-08-01T22:05:21Z,100,31,1248,890,15,516,0
mdast-util-phrasing,2024-02-01T10:26:42.249Z,2,1055494638.0,9,0,0,2024-02-01T10:26:40Z,72,3,1,72,927,927,1
node-mocks-http,2026-07-16T21:25:09.103Z,1,79196802.0,70,136,0,2026-07-16T21:26:28Z,100,20,773,542,31,31,0
nanostores,2026-08-15T20:52:41.540Z,1,119564157.0,61,160,20,2026-08-15T20:49:22Z,100,19,7555,1073,1,1,0
natural-orderby,2024-11-18T12:36:45.709Z,1,195707490.0,14,10,5,2025-12-22T05:13:43Z,100,5,67,168,237,636,0
mocha,2026-08-02T19:20:36.906Z,2,648664923.0,247,3158,200,2026-08-15T17:29:26Z,100,11,22904,4124,1,14,0
npm-package-json-lint,2026-08-15T01:06:15.586Z,1,13922355.0,103,37,24,2026-08-15T15:53:42Z,100,3,255,1256,1,1,0
nitro,2026-06-10T22:00:37.119Z,1,152084578.0,375,886,502,2026-08-16T09:50:42Z,100,30,11113,3868,0,67,0
postgres,2026-04-05T15:18:33.078Z,1,292592281.0,48,361,230,2026-04-05T16:02:19Z,100,34,8701,624,133,133,0
parse-url,2026-03-04T15:25:29.212Z,1,269875719.0,49,39,1,2026-03-04T15:27:33Z,100,13,62,212,165,165,0
pg-proto-parser,2026-08-07T22:02:58.413Z,1,2785935.0,67,33,16,2026-08-07T22:02:24Z,100,2,232,2250,9,9,0
pnp-webpack-plugin,2021-07-21T17:23:14.978Z,1,152614437.0,19,19,8,2022-12-08T14:06:19Z,55,3,265,55,1347,1852,1
progress,2018-12-05T16:57:58.058Z,5,1667608212.0,20,218,49,2023-02-13T23:42:44Z,100,23,2989,140,1280,2811,1
nyc,2026-02-22T21:23:17.002Z,3,359248958.0,166,362,188,2026-05-17T16:05:31Z,100,22,5766,859,91,175,0
postcss-html,2026-07-31T23:40:58.869Z,4,86259967.0,61,10,4,2026-08-11T22:14:03Z,100,8,33,249,5,16,0
postcss-nested,2026-08-02T19:17:04.521Z,1,1536191915.0,41,64,4,2026-08-02T10:23:17Z,100,12,1199,270,14,14,0
precinct,2026-07-15T17:19:26.183Z,3,181657275.0,81,37,3,2026-08-04T04:52:07Z,100,4,234,358,12,32,0
pinia,2026-08-12T12:21:06.901Z,1,157716134.0,132,1202,15,2026-08-12T12:18:07Z,100,22,14698,2280,4,4,0
prisma,2026-07-27T13:49:09.253Z,1,464317862.0,9255,2522,2458,2026-08-14T17:12:15Z,100,5,47576,8124,2,20,0
passport,2023-11-27T22:57:38.830Z,1,289790520.0,33,1257,355,2024-08-16T21:56:14Z,100,1,23528,645,730,993,1
openapi-typescript-codegen,2026-06-20T19:05:22.935Z,1,21418363.0,109,546,168,2026-08-07T21:41:13Z,100,2,3367,3143,9,57,0
prelude-ls,2020-04-02T22:53:40.710Z,1,4615579873.0,14,57,16,2026-05-15T06:21:30Z,100,7,425,229,93,2327,0
permessage-deflate,2019-06-10T11:16:37.786Z,1,2997096.0,8,7,1,2023-09-07T18:24:35Z,71,1,26,71,1074,2624,1
pm2,2026-06-29T09:01:06.323Z,1,136615499.0,294,2721,1019,2026-07-02T10:09:15Z,100,3,43271,5232,45,48,0
postcss-color-hex-alpha,2026-01-14T07:21:49.635Z,5,343423750.0,25,83,9,2026-08-15T16:58:37Z,100,2,1051,5161,1,214,0
onedionys-http-client,2024-03-31T12:49:47.605Z,2,1954.0,6,0,0,2024-05-07T01:23:10Z,12,1,7,12,831,868,1
postcss-import,2026-08-14T19:11:28.703Z,3,1670865984.0,57,116,3,2026-08-14T19:09:02Z,100,8,1410,491,2,2,0
oas-linter,2021-05-31T08:48:35.847Z,1,164230204.0,22,118,23,2023-10-27T07:24:34Z,100,5,747,1254,1024,1903,1
parse-database-url,2016-01-11T20:07:21.076Z,1,8438343.0,5,6,4,2016-01-11T20:07:48Z,13,3,22,13,3870,3870,1
postcss-safe-parser,2024-10-04T09:06:19.363Z,1,512373862.0,21,12,1,2026-08-11T11:01:56Z,100,3,126,175,5,681,0
pg-pool,2026-05-18T12:00:18.362Z,1,1011274200.0,61,1341,449,2026-08-14T19:35:15Z,100,34,13191,2935,2,90,0
oxlint-plugin-eslint,2026-08-10T10:45:21.935Z,1,4872881.0,26,1202,538,2026-08-16T11:17:33Z,100,11,22336,19864,0,6,0
optimize-css-assets-webpack-plugin,2021-06-23T09:37:20.593Z,1,69553301.0,27,57,26,2022-12-07T17:53:46Z,64,11,1133,64,1348,1880,1
oxlint,2026-08-10T10:47:19.210Z,1,207577250.0,205,1202,538,2026-08-16T11:17:33Z,100,11,22336,19864,0,6,0
polished,2024-02-01T23:14:58.412Z,3,453236001.0,94,215,21,2026-03-26T23:06:08Z,100,10,7661,904,143,927,0
oxlint-plugin-react-doctor,2026-08-13T11:41:18.520Z,1,9661314.0,712,456,12,2026-08-16T09:34:01Z,100,5,14388,1369,0,3,0
postcss-custom-media,2026-02-21T15:05:44.564Z,5,355216692.0,50,83,9,2026-08-15T16:58:37Z,100,2,1051,5161,1,176,0
nx-oxlint,2025-12-28T19:18:42.573Z,1,1572596.0,7,0,1,2026-04-10T20:15:55Z,52,2,41,52,128,231,0
oauth2orize,2023-10-13T21:37:25.914Z,1,5750164.0,22,475,59,2024-04-12T12:46:09Z,100,6,3533,497,856,1038,1
openapi-typescript,2026-02-11T16:02:25.378Z,2,144748652.0,156,658,207,2026-08-15T21:04:56Z,100,1,8305,1670,1,186,0
preview-email,2026-07-27T20:38:55.923Z,2,21978621.0,41,25,0,2026-07-27T20:38:57Z,100,12,229,112,20,20,0
pino-loki,2025-12-14T14:30:36.443Z,1,6209504.0,25,32,2,2025-12-14T14:30:05Z,100,7,167,149,245,245,0
postcss-gap-properties,2026-01-14T07:22:47.248Z,3,340226353.0,14,83,9,2026-08-15T16:58:37Z,100,2,1051,5161,1,214,0
path-to-regexp,2026-04-01T21:17:05.201Z,6,6695746950.0,73,484,4,2026-08-04T04:30:19Z,100,11,8598,382,12,137,0
pickier,2026-08-11T13:46:47.137Z,1,3024485.0,50,0,4,2026-08-15T18:31:42Z,100,2,8,435,1,5,0
openapi-types,2023-05-24T22:26:38.839Z,1,399499719.0,36,239,117,2024-12-17T17:29:07Z,100,28,920,1374,607,1180,1
only,2013-03-12T19:46:54.755Z,1,154131139.0,2,17,4,2020-02-25T13:28:30Z,13,3,163,13,2364,4905,1
prompts,2021-10-07T21:23:57.263Z,1,2004274279.0,36,320,115,2025-05-14T16:42:36Z,100,40,9310,241,459,1774,1
openapi-fetch,2026-02-11T16:02:21.454Z,3,158528636.0,81,658,207,2026-08-15T21:04:56Z,100,1,8305,1670,1,186,0
oxc-transform,2026-08-10T10:16:33.458Z,1,109369239.0,168,1202,538,2026-08-16T11:17:33Z,100,11,22336,19864,0,6,0
postcss-js,2026-02-13T17:55:41.266Z,1,1484528881.0,24,25,3,2026-08-11T15:03:48Z,100,7,669,197,5,184,0
oas-kit-common,2020-03-29T07:09:37.853Z,1,164305619.0,8,118,23,2023-10-27T07:24:34Z,100,5,747,1254,1024,2331,1
preact,2026-08-01T09:59:54.572Z,6,756205395.0,284,2042,19,2026-08-13T16:02:57Z,100,2,38819,6266,3,15,0
postcss-calc,2025-01-31T16:26:20.462Z,7,767606827.0,41,36,5,2026-08-14T21:50:50Z,100,3,222,312,2,562,0
pg-node-migrations,2022-04-19T15:55:36.543Z,1,3357075.0,8,2,1,2022-04-19T16:31:51Z,100,8,4,166,1580,1580,1
prettier-eslint,2026-06-19T13:43:20.621Z,6,43674924.0,115,172,1,2026-08-14T21:50:40Z,100,24,4100,300,2,58,0
primus,2023-11-06T18:23:10.755Z,6,1095238.0,109,269,50,2023-11-06T18:13:11Z,100,4,4470,1701,1014,1014,1
prop-types,2022-01-05T00:08:33.458Z,3,3118499244.0,24,349,48,2024-05-17T08:15:01Z,100,32,4449,171,821,1684,1
plpgsql-parser,2026-08-07T22:03:04.349Z,1,2031719.0,44,33,16,2026-08-07T22:02:24Z,100,2,232,2250,9,9,0
pino-std-serializers,2026-01-13T12:50:19.626Z,2,1105262325.0,33,40,10,2026-08-01T18:23:24Z,100,16,75,199,15,215,0
pledgepack,2026-08-05T02:11:41.284Z,1,4934.0,26,0,5,2026-08-05T02:10:43Z,61,1,8,61,11,11,0
postcss-modules-local-by-default,2024-12-11T14:47:47.509Z,4,1190984857.0,39,15,2,2026-01-21T23:38:22Z,100,14,27,194,207,613,0
pgsql-parser,2026-08-07T22:03:01.521Z,1,5481835.0,205,33,16,2026-08-07T22:02:24Z,100,2,232,2250,9,9,0
plpgsql-deparser,2026-08-07T22:03:01.277Z,1,2034931.0,39,33,16,2026-08-07T22:02:24Z,100,2,232,2250,9,9,0
partysocket,2026-06-23T08:46:43.072Z,1,70923474.0,1046,77,34,2026-08-03T15:14:06Z,100,4,1247,720,13,54,0
pify,2022-09-02T12:55:21.948Z,1,5253057823.0,13,73,0,2026-07-23T12:49:04Z,70,17,1503,70,24,1444,0
parse-function,2020-03-28T01:43:58.589Z,2,16682710.0,86,19,42,2026-02-21T23:40:59Z,100,4,487,601,176,2332,0
ora,2026-06-22T12:24:49.225Z,1,2863602744.0,57,293,0,2026-06-22T22:14:56Z,100,25,9736,197,55,55,0
promise-ws,2018-08-14T13:01:58.341Z,1,1684038.0,11,1,1,2018-08-14T13:02:19Z,74,1,4,74,2924,2924,1
pg-mem,2026-02-26T11:33:37.282Z,1,12639157.0,151,116,191,2026-02-26T11:33:42Z,100,17,2359,605,171,171,0
oxc-parser,2026-08-10T10:17:12.296Z,1,437487015.0,178,1202,538,2026-08-16T11:17:33Z,100,11,22336,19864,0,6,0
postcss,2026-08-06T08:33:00.043Z,1,8495865059.0,290,1635,19,2026-08-15T20:18:51Z,100,21,28979,4308,1,10,0
pg,2026-08-08T19:27:05.108Z,1,1058004703.0,249,1341,449,2026-08-14T19:35:15Z,100,34,13191,2935,2,8,0
oc-vite,2026-06-19T11:18:51.573Z,1,352877.0,21,8653,505,2026-08-16T05:41:06Z,100,26,82363,9567,0,58,0
parse-path,2025-04-15T07:02:16.169Z,2,271505653.0,22,10,1,2025-04-15T07:02:19Z,100,4,21,108,488,488,1
pgsql-deparser,2026-08-07T22:02:59.780Z,1,7492254.0,137,33,16,2026-08-07T22:02:24Z,100,2,232,2250,9,9,0
oidc-provider,2026-08-08T23:56:07.777Z,1,13624084.0,376,790,0,2026-08-11T17:30:05Z,100,2,3797,2922,5,8,0
postcss-modules-values,2020-10-13T11:19:42.718Z,4,1119248657.0,18,7,2,2024-01-18T13:50:14Z,89,16,41,89,941,2133,1
pgsql-ast-parser,2026-01-27T18:43:47.629Z,1,20472321.0,109,47,38,2026-01-27T18:47:09Z,100,10,347,330,201,201,0
postcss-loader,2026-02-15T19:44:38.246Z,8,891233396.0,88,211,2,2026-08-12T19:39:15Z,100,12,2843,614,4,182,0
optionator,2024-04-26T22:17:51.408Z,1,4642207680.0,20,16,11,2024-04-26T22:18:10Z,96,6,166,96,842,842,1
picocolors,2024-10-16T18:20:03.921Z,1,6944678766.0,9,52,8,2024-11-18T17:46:33Z,89,12,1742,89,636,669,1
oauth4webapi,2026-08-11T12:44:34.468Z,1,288911646.0,78,70,0,2026-08-11T18:10:51Z,100,3,770,1247,5,5,0
powershell-utils,2026-01-25T03:39:53.218Z,1,257261738.0,2,2,0,2026-07-25T12:06:20Z,6,1,35,6,22,203,0
obs-websocket-js,2026-03-14T16:08:24.574Z,3,833582.0,43,99,19,2026-08-10T14:13:11Z,100,16,768,281,6,155,0
orval,2026-08-08T13:25:54.238Z,2,46684548.0,309,664,72,2026-08-16T11:24:18Z,100,36,6355,2832,0,8,0
openid-client,2026-08-11T13:32:21.948Z,1,344463807.0,220,410,0,2026-08-11T18:16:58Z,100,3,2392,1226,5,5,0
please-upgrade-node,2019-08-08T12:06:54.978Z,1,254036280.0,9,13,5,2026-02-28T04:57:06Z,63,3,241,63,169,2565,0
oxlint-tailwindcss,2026-08-11T22:51:56.235Z,1,956074.0,40,11,0,2026-08-11T22:51:58Z,100,5,67,136,5,5,0
postcss-nesting,2026-07-23T15:34:54.949Z,3,402882637.0,65,83,9,2026-08-15T16:58:37Z,100,2,1051,5161,1,24,0
process-warning,2026-07-30T10:25:43.633Z,9,1323050796.0,12,11,0,2026-08-06T14:25:21Z,100,13,38,164,10,17,0
react-error-boundary,2026-08-15T13:17:49.407Z,2,509874458.0,59,230,0,2026-08-15T16:31:41Z,100,15,7979,228,1,1,0
serve-favicon,2025-06-10T10:04:54.695Z,2,111463189.0,22,75,0,2026-02-01T09:29:05Z,100,7,627,238,196,432,0
react-redux,2026-05-15T15:23:52.086Z,5,980865415.0,142,3331,28,2026-08-16T04:07:18Z,100,8,23454,1580,0,93,0
shrink-ray-current,2021-04-14T20:31:37.596Z,1,12535400.0,13,16,10,2024-02-22T20:13:13Z,100,13,178,338,906,1950,1
react-fast-compare,2023-05-18T19:17:09.295Z,7,877428069.0,15,54,8,2024-03-20T20:11:52Z,100,18,1666,157,879,1186,1
rezo,2026-07-03T23:11:57.845Z,1,144577.0,140,0,1,2026-07-03T23:12:04Z,20,1,0,20,44,44,0
single-spa,2024-09-29T01:53:42.169Z,1,22376750.0,151,925,59,2026-02-28T00:49:11Z,100,16,13876,670,169,686,0
pvtsutils,2024-11-22T12:58:55.915Z,1,361636996.0,32,6,0,2026-08-12T08:10:23Z,100,8,3,143,4,632,0
react-refresh,2025-10-01T21:39:03.378Z,1,2240032822.0,2693,51234,813,2026-08-14T17:33:13Z,100,25,247279,21639,2,319,0
react-csv,2022-01-18T03:04:16.849Z,3,40215060.0,40,260,103,2024-04-03T11:34:59Z,100,18,1184,230,865,1671,1
resolve-url-loader,2022-01-17T21:55:09.985Z,1,449914973.0,51,69,12,2022-12-02T07:42:44Z,100,4,558,333,1353,1672,1
resolve,2026-04-11T17:41:35.049Z,1,8376924292.0,101,189,9,2026-06-25T06:28:54Z,100,4,796,743,52,127,0
react,2026-07-21T15:41:28.716Z,2,4692381103.0,2912,51233,814,2026-08-14T17:33:13Z,100,25,247248,21639,2,26,0
rimraf,2026-02-16T00:59:39.538Z,1,6218681024.0,86,267,7,2026-05-15T19:38:06Z,100,9,5848,355,93,181,0
react-transition-group,2022-08-01T08:36:58.958Z,3,1703704931.0,44,640,213,2026-03-05T03:43:36Z,100,13,10228,400,164,1476,0
sherif-linux-x64,2026-07-04T13:23:26.230Z,1,12529800.0,37,22,13,2026-07-04T13:21:46Z,100,10,1184,137,43,43,0
react-use-websocket,2025-02-04T05:13:32.627Z,1,20261705.0,107,156,79,2025-02-04T05:15:22Z,100,15,1888,283,558,558,1
sequelize,2026-03-07T18:44:43.419Z,9,128425957.0,627,4342,921,2026-08-16T00:22:55Z,100,14,30375,11875,0,162,0
react-is,2026-07-21T15:42:03.130Z,2,11469799697.0,2770,51234,813,2026-08-14T17:33:13Z,100,25,247279,21639,2,26,0
rollbar,2026-03-12T14:03:49.239Z,4,22145349.0,166,1,0,2024-12-19T04:56:04Z,100,17,0,106,605,157,1
run-script-webpack-plugin,2025-04-06T11:52:13.146Z,1,6277287.0,18,12,5,2026-08-10T17:15:33Z,100,9,42,133,6,497,0
regenerate,2020-11-01T08:42:12.525Z,1,1583890778.0,26,38,3,2021-12-29T22:19:35Z,100,6,378,124,1691,2114,1
react-remove-attr,2023-05-30T07:40:59.510Z,1,96026.0,7,0,0,2023-05-30T07:42:13Z,6,1,1,6,1174,1174,1
remark-lint-frontmatter-schema,2023-10-15T17:25:33.866Z,1,1982837.0,20,8,8,2024-09-21T16:02:38Z,100,4,79,299,694,1036,1
rpc-websockets,2026-05-15T08:29:45.933Z,1,69289523.0,148,128,14,2026-05-15T08:29:57Z,100,12,625,535,93,93,0
referrer-policy,2019-05-03T15:43:32.612Z,1,20528026.0,4,4,0,2020-06-29T19:37:38Z,45,3,11,45,2239,2662,1
react-relay,2026-05-27T16:56:17.246Z,2,20477385.0,4251,1895,636,2026-08-16T00:12:08Z,100,13,18955,11563,0,81,0
react-vnc,2025-11-22T12:21:02.502Z,1,2070711.0,66,34,7,2025-12-09T11:24:30Z,100,6,165,248,250,267,0
regexpu-core,2025-09-22T15:20:42.236Z,4,1853563120.0,53,12,4,2025-09-22T15:20:14Z,100,6,82,180,328,328,0
react-router,2026-07-22T15:04:41.794Z,2,1684344152.0,1177,10904,100,2026-08-07T20:04:31Z,100,20,56551,11169,9,25,0
sherif-darwin-arm64,2026-07-04T13:22:28.883Z,1,809884.0,37,22,13,2026-07-04T13:21:46Z,100,10,1184,137,43,43,0
sass,2026-07-25T00:08:49.756Z,2,1184371716.0,321,379,61,2026-08-14T01:04:41Z,100,9,4215,2821,2,22,0
readable-web-to-node-stream,2025-02-16T13:20:17.783Z,1,296444696.0,11,9,1,2025-05-21T04:43:53Z,100,3,45,537,452,546,1
romujs,2026-07-19T14:38:41.079Z,1,479.0,3,0,0,2026-07-19T18:55:27Z,33,2,0,33,28,28,0
react-native-dotenv,2026-07-28T20:59:55.337Z,3,12650943.0,45,51,0,2026-07-28T21:26:26Z,100,4,858,532,19,19,0
ruvector,2026-08-02T18:51:27.954Z,1,2002248.0,141,584,57,2026-08-16T07:39:38Z,100,5,4425,3015,0,14,0
react-native,2026-08-11T15:55:05.088Z,6,322395612.0,2646,25217,677,2026-08-15T13:15:47Z,100,42,126359,41382,1,5,0
set-function-length,2024-03-09T17:40:59.599Z,1,3326250390.0,7,2,1,2025-12-30T01:57:40Z,34,1,4,34,229,890,0
query-selector-shadow-dom,2022-11-17T18:31:49.715Z,1,202118523.0,34,27,12,2024-03-27T03:46:13Z,100,7,260,183,872,1368,1
sherif,2026-07-04T13:23:59.952Z,1,13229904.0,36,22,13,2026-07-04T13:21:46Z,100,10,1184,137,43,43,0
simple-git-hooks,2025-07-31T21:02:21.722Z,1,18883659.0,22,58,17,2026-07-26T06:30:10Z,100,23,1675,259,21,381,0
pug-lint,2023-03-21T13:42:09.233Z,4,1898788.0,19,50,49,2023-03-21T13:43:24Z,100,13,228,461,1244,1244,1
release-zalgo,2017-02-03T15:20:48.613Z,1,309889445.0,1,0,0,2019-11-06T17:12:29Z,21,2,1,21,2475,3481,1
selenium-webdriver,2026-08-10T17:58:53.750Z,6,92416759.0,122,8712,98,2026-08-16T00:14:44Z,100,16,34382,34770,0,6,0
react-style-singleton,2024-12-15T02:27:37.493Z,1,1616325534.0,10,4,1,2024-12-15T02:07:05Z,39,7,18,39,609,609,1
request-digest,2018-11-07T08:14:37.425Z,1,75772.0,26,20,1,2018-11-07T08:14:43Z,74,6,13,74,2839,2839,1
sinon-chai,2025-08-22T11:02:19.034Z,3,52736204.0,37,103,16,2025-08-22T10:58:39Z,100,24,1088,157,359,359,0
rolldown,2026-08-12T10:38:45.392Z,4,1084915567.0,636,1020,254,2026-08-16T09:30:45Z,100,20,13883,7627,0,4,0
redis-errors,2017-06-01T00:22:49.218Z,2,642077015.0,3,3,2,2017-06-01T00:22:41Z,8,1,6,8,3363,3363,1
rate-limiter-flexible,2026-06-08T16:38:28.589Z,1,93173806.0,195,194,7,2026-06-08T17:55:21Z,100,7,3582,909,69,69,0
serverless-http,2025-09-01T03:29:21.201Z,4,16965053.0,50,173,52,2025-09-01T03:27:27Z,100,23,1779,342,349,349,0
sinon,2026-07-20T17:59:28.504Z,4,484613819.0,221,802,43,2026-08-05T17:16:30Z,100,22,9757,3781,11,27,0
redis-parser,2017-05-25T18:52:28.462Z,2,685927542.0,18,34,5,2020-06-01T01:12:00Z,100,6,87,163,2267,3370,1
sherif-linux-x64-musl,2026-07-04T13:23:41.052Z,1,7479224.0,7,22,13,2026-07-04T13:21:46Z,100,10,1184,137,43,43,0
snapdragon-node,2018-11-24T09:18:16.600Z,2,492047388.0,13,7,0,2018-11-24T09:19:04Z,40,1,27,40,2822,2822,1
restore-cursor,2024-07-26T13:56:42.169Z,1,4065635361.0,8,8,0,2024-07-26T13:56:44Z,23,6,41,23,751,751,1
simple-websocket,2021-01-06T00:18:00.656Z,2,50885329.0,52,31,2,2023-01-30T17:06:43Z,100,6,186,295,1294,2048,1
react-select-event,2022-08-06T16:40:12.175Z,1,25542631.0,21,23,14,2023-09-19T06:36:25Z,100,12,210,133,1062,1471,1
remeda,2026-08-14T12:02:45.139Z,3,222084272.0,269,170,15,2026-08-16T11:26:00Z,100,7,5414,832,0,2,0
radix-vue,2025-02-28T11:53:05.233Z,3,21950604.0,123,544,217,2026-08-15T17:48:51Z,100,24,6720,2070,1,534,0
react-router-dom,2026-07-28T21:53:51.695Z,2,1491490872.0,1059,10904,100,2026-08-07T20:04:31Z,100,20,56551,11169,9,19,0
react-docgen,2026-03-13T22:11:12.371Z,1,580073027.0,98,315,99,2026-08-16T11:14:46Z,100,2,3822,3238,0,156,0
rxfire,2026-07-22T13:20:11.534Z,7,8391491.0,1891,49,20,2026-07-22T13:17:58Z,100,13,149,488,25,25,0
skills,2026-08-05T15:28:38.443Z,2,112862011.0,89,2465,743,2026-08-14T20:53:33Z,100,19,28999,465,2,11,0
react-doctor,2026-08-13T11:43:22.540Z,1,11240301.0,765,456,12,2026-08-16T09:34:01Z,100,5,14388,1369,0,3,0
recharts,2026-07-25T15:23:05.240Z,3,1335951169.0,288,1966,398,2026-08-16T06:32:51Z,100,20,27504,4899,0,22,0
sherif-linux-arm64,2026-07-04T13:23:32.161Z,1,1166836.0,37,22,13,2026-07-04T13:21:46Z,100,10,1184,137,43,43,0
raw-loader,2020-10-09T14:52:56.184Z,3,195070681.0,18,90,2,2021-03-08T18:31:52Z,56,20,843,56,1987,2137,1
request-stats,2017-05-01T13:13:54.663Z,1,6855636.0,12,11,2,2019-05-13T11:27:29Z,91,3,77,91,2652,3394,1
reka-ui,2026-08-10T04:27:33.510Z,1,40173113.0,48,544,217,2026-08-15T17:48:51Z,100,24,6720,2070,1,6,0
schema-utils,2025-10-02T12:14:09.064Z,6,5055472767.0,43,40,3,2026-08-12T19:58:41Z,100,11,250,206,4,318,0
runner-run,2026-08-12T21:25:19.429Z,1,15822.0,34,1,7,2026-08-16T00:08:05Z,100,1,2,576,0,4,0
shunt,2014-08-31T11:06:48.531Z,1,1675.0,11,0,0,2016-07-22T07:53:39Z,32,1,0,32,3677,4368,1
reduct-js,2026-06-16T08:13:38.413Z,1,16545.0,59,1,2,2026-08-12T11:59:13Z,100,5,10,238,4,61,0
reconnecting-websocket,2020-02-07T06:47:15.475Z,1,31081100.0,42,206,45,2023-06-15T17:25:20Z,100,9,1310,251,1158,2382,1
sade,2022-01-06T17:09:33.711Z,1,314701150.0,23,24,12,2024-09-27T00:48:27Z,100,6,1079,113,688,1683,1
react-dropzone,2026-08-09T07:40:20.782Z,3,412900886.0,214,801,1,2026-08-16T11:29:45Z,100,11,11015,709,0,7,0
react-hook-form,2026-08-08T01:14:56.350Z,1,1592937136.0,1095,2468,1,2026-08-16T00:59:55Z,100,24,44821,4134,0,8,0
rtgl,2026-08-03T05:08:26.276Z,1,19651.0,108,4,0,2026-08-14T10:27:31Z,100,2,5,527,2,13,0
rolldown-plugin-dts,2026-08-12T19:07:14.574Z,1,72159237.0,159,57,21,2026-08-12T19:03:40Z,100,11,243,717,4,4,0
react-markdown,2025-03-07T10:32:53.222Z,3,751415497.0,98,920,1,2025-04-21T10:10:50Z,100,10,15850,566,482,527,1
relay-compiler,2026-05-27T16:56:36.861Z,2,20778827.0,4208,1895,636,2026-08-16T00:12:08Z,100,13,18955,11563,0,81,0
remove-attr,2024-08-22T07:54:34.972Z,1,290515.0,16,2,3,2024-08-22T07:38:24Z,13,2,12,13,724,724,1
react-dom,2026-07-21T15:41:41.267Z,2,4380134503.0,2867,51234,813,2026-08-14T17:33:13Z,100,25,247279,21639,2,26,0
resource-uploader,2025-09-24T01:49:16.594Z,1,1917.0,56,5,0,2025-09-24T01:44:19Z,100,2,20,152,326,326,0
rearguard,2020-05-26T20:04:15.082Z,1,8906.0,241,0,0,2020-06-26T07:35:43Z,100,1,0,1014,2242,2273,1
scheduler,2025-10-01T21:39:15.208Z,2,4788907797.0,2744,51234,813,2026-08-14T17:33:13Z,100,25,247279,21639,2,319,0
relay-runtime,2026-05-27T16:56:43.185Z,2,249255425.0,4206,1895,636,2026-08-16T00:12:08Z,100,13,18955,11563,0,81,0
snowflake-promise,2025-08-19T19:10:16.807Z,1,3503669.0,27,32,0,2026-08-11T18:02:39Z,100,6,39,149,5,362,0
react-loadable-ssr-addon-v5-slorber,2026-03-26T16:01:56.843Z,1,36365343.0,2,18,2,2021-10-02T15:06:57Z,66,8,69,66,1779,143,1
react-reconciler,2025-10-01T21:39:00.081Z,2,336139296.0,2752,51234,813,2026-08-14T17:33:13Z,100,25,247279,21639,2,319,0
react-smooth,2024-12-16T19:07:53.945Z,4,923079959.0,56,41,4,2026-02-14T03:49:28Z,100,13,285,274,183,608,0
serialize-javascript,2026-08-08T03:04:32.004Z,3,2360107032.0,33,212,33,2026-08-08T03:03:07Z,100,13,2921,180,8,8,0
reselect,2026-05-15T15:51:41.952Z,6,1170341847.0,54,663,22,2026-08-16T05:02:35Z,100,7,19021,1338,0,93,0
sass-loader,2026-05-19T19:13:33.265Z,7,792941819.0,114,422,2,2026-08-12T19:35:02Z,100,13,3891,826,4,89,0
sherif-windows-x64,2026-07-04T13:23:18.114Z,1,715532.0,37,22,13,2026-07-04T13:21:46Z,100,10,1184,137,43,43,0
slice-ansi,2026-04-04T13:19:33.198Z,1,4136772755.0,16,17,0,2026-04-04T13:19:33Z,70,11,51,70,134,134,0
reflect-metadata,2024-03-29T01:38:46.117Z,1,1250237786.0,20,190,25,2024-03-29T01:37:15Z,100,7,3358,134,870,870,1
signal-utils,2024-12-23T13:50:40.973Z,1,15303357.0,26,12,19,2024-12-23T13:50:42Z,100,10,118,113,601,601,1
pusher-js,2026-07-23T11:46:51.748Z,2,70651443.0,58,389,4,2026-08-10T23:11:27Z,100,7,2220,2163,6,24,0
react-i18next,2026-07-22T21:24:55.425Z,2,466742305.0,384,1049,1,2026-08-08T06:10:35Z,100,8,10035,1977,8,25,0
serverless-offline,2026-08-07T10:48:54.311Z,8,30268526.0,417,810,119,2026-08-14T14:45:25Z,100,9,5260,4041,2,9,0
tls-client-node,2026-06-03T17:03:32.117Z,1,554773.0,14,1,0,2026-07-19T14:32:32Z,29,2,2,29,28,74,0
transform-to-unocss,2026-03-26T10:42:49.655Z,1,26453.0,125,9,0,2026-03-26T10:42:23Z,100,3,213,466,143,143,0
tslog,2026-07-16T22:14:58.457Z,1,48680505.0,133,73,0,2026-08-10T23:32:19Z,100,2,1721,898,6,31,0
tsx,2026-08-10T03:41:31.093Z,1,1822394512.0,139,251,73,2026-08-10T03:39:15Z,100,13,12074,605,6,6,0
symlink-resolver,2017-04-24T23:29:57.552Z,1,132855.0,2,2,0,2017-04-24T23:31:05Z,13,1,7,13,3401,3401,1
ts-algebra,2024-05-04T15:59:28.376Z,1,420239307.0,14,4,0,2025-02-15T12:01:02Z,75,2,30,75,547,834,1
svglint,2026-02-21T12:40:53.444Z,4,1556723.0,39,14,8,2026-04-23T05:53:24Z,100,11,53,201,115,176,0
sonner,2026-08-09T08:46:10.174Z,1,1123538215.0,65,458,36,2026-08-10T11:13:03Z,100,36,12848,332,6,7,0
supertest,2026-01-06T09:26:26.119Z,6,563227736.0,77,782,168,2026-04-02T04:24:49Z,100,18,14391,516,136,222,0
stylelint-no-unsupported-browser-features,2026-02-03T18:34:43.692Z,1,19391832.0,31,23,7,2026-02-03T18:34:40Z,100,12,453,270,194,194,0
stylelint-config-sass-guidelines,2026-02-01T03:38:27.794Z,1,18964648.0,34,34,0,2026-05-01T21:30:19Z,100,8,447,232,107,196,0
style-loader,2024-04-08T17:04:35.634Z,7,956477084.0,76,460,6,2026-08-12T19:59:49Z,100,8,1665,437,4,860,0
tldts,2026-07-30T23:11:08.153Z,1,1764478914.0,822,27,2,2026-08-14T20:29:47Z,100,2,760,3103,2,17,0
ts-node,2023-12-08T12:04:46.154Z,2,1949951201.0,128,549,198,2024-07-18T18:14:16Z,100,14,13132,839,759,982,1
typescript-eslint,2026-08-10T17:22:44.231Z,2,2197176075.0,1516,2974,232,2026-08-13T06:17:53Z,100,20,16357,6771,3,6,0
taffydb,2016-09-18T17:48:14.430Z,4,28215344.0,4,283,91,2024-06-07T06:59:18Z,100,12,2209,130,800,3619,1
stylelint-plugin-logical-css,2026-03-29T08:28:07.147Z,1,2685990.0,39,4,1,2026-03-30T17:00:06Z,100,8,65,151,139,140,0
terser-webpack-plugin,2026-05-27T17:31:34.637Z,7,1947945870.0,89,165,6,2026-08-12T19:41:31Z,100,9,1963,427,4,81,0
standard-version,2022-05-15T13:46:50.623Z,6,31657392.0,42,763,263,2026-07-16T17:09:46Z,100,23,7975,335,31,1554,0
sqlite3,2026-03-12T15:28:29.461Z,10,103179962.0,104,847,165,2026-06-27T23:40:00Z,100,14,6418,1477,50,157,0
stylelint-stylus,2023-12-12T08:00:56.718Z,2,1458143.0,6,2,5,2024-03-31T15:30:45Z,100,3,29,193,868,978,1
ts-loader,2026-06-22T07:20:16.926Z,4,554209809.0,171,439,68,2026-08-05T09:30:25Z,100,24,3480,1317,11,55,0
solhint,2026-08-13T13:24:18.381Z,1,6576583.0,99,197,2,2026-08-13T13:28:54Z,100,3,1126,1772,3,3,0
style-mod,2025-10-17T13:24:18.045Z,1,258352256.0,26,10,0,2026-03-18T09:24:36Z,93,3,53,93,151,303,0
tinyspy,2025-09-18T13:19:29.080Z,1,1513829735.0,50,34,1,2026-05-21T13:48:03Z,100,14,628,219,87,332,0
stdout-update,2024-02-14T21:55:47.795Z,1,22451487.0,38,4,0,2024-11-18T22:42:30Z,100,2,17,1284,636,914,1
supports-hyperlinks,2026-06-19T13:04:22.303Z,1,1382566263.0,16,9,2,2026-06-19T13:04:22Z,52,14,6,52,58,58,0
swiper,2026-08-06T16:46:05.852Z,1,175602811.0,364,9618,238,2026-08-06T16:44:44Z,100,11,41878,3913,10,10,0
tkeron,2026-05-21T12:20:56.034Z,2,14946.0,70,1,0,2026-05-21T12:20:25Z,100,1,2,279,87,87,0
supports-color,2026-07-26T15:13:36.815Z,1,19018137238.0,55,92,2,2026-07-26T15:13:35Z,100,31,372,205,21,21,0
sucrase,2025-11-19T17:10:51.830Z,1,1734448255.0,83,155,69,2025-11-19T17:12:45Z,100,10,5872,741,270,270,0
ts-jest,2026-07-22T07:47:19.343Z,3,1097288153.0,218,476,73,2026-08-13T22:06:12Z,100,6,7076,5170,3,25,0
squawk-cli,2026-08-06T04:48:19.604Z,2,7499396.0,126,69,40,2026-08-13T03:08:38Z,100,5,1154,1054,3,10,0
standardwebhooks,2024-03-04T13:39:40.614Z,1,232033797.0,1,66,33,2026-08-13T19:24:42Z,100,25,1727,185,3,895,0
style-to-js,2026-07-07T04:37:47.719Z,1,854833824.0,27,4,0,2026-08-14T04:05:16Z,100,4,16,1198,2,40,0
stylelint-high-performance-animation,2026-01-25T02:16:39.340Z,1,1693825.0,17,8,2,2026-05-09T00:08:26Z,100,4,86,261,99,203,0
sockjs,2021-12-03T01:50:49.798Z,6,707906162.0,36,305,16,2026-07-21T01:47:23Z,100,9,2102,566,26,1717,0
textextensions,2023-12-29T07:50:05.349Z,1,157361512.0,115,6,0,2026-08-12T03:22:22Z,100,5,15,159,4,961,0
string-width,2026-07-08T20:46:47.396Z,1,17927050657.0,30,44,1,2026-07-08T20:46:47Z,81,15,531,81,39,39,0
storybook,2026-08-13T13:59:06.123Z,8,629449356.0,3000,10391,1580,2026-08-14T20:44:33Z,100,5,90859,84640,2,3,0
stylelint-scss,2026-06-02T19:35:43.469Z,3,211439655.0,125,106,106,2026-08-14T16:22:47Z,100,11,880,1534,2,75,0
stripe-experiment-sync,2026-03-24T04:16:28.797Z,4,3127232.0,37,116,17,2026-07-14T16:21:27Z,100,6,1078,1403,33,145,0
typescript,2026-07-08T15:55:18.431Z,7,7562326408.0,3797,13720,5050,2026-08-14T19:07:48Z,100,29,110164,36770,2,39,0
tiktok-live-connector,2026-07-22T05:51:07.858Z,2,675858.0,62,461,9,2026-07-24T21:57:30Z,100,4,2115,422,23,25,0
typeorm-extension,2026-08-11T16:02:33.920Z,1,8588937.0,126,42,4,2026-08-12T10:43:19Z,100,11,269,1275,4,5,0
stylelint-declaration-block-no-ignored-properties,2026-01-25T21:09:18.158Z,1,9213443.0,14,9,3,2026-05-28T03:59:45Z,100,3,107,217,80,203,0
swagger-ui-express,2024-05-31T21:16:32.005Z,1,160796592.0,61,236,52,2025-01-25T15:56:04Z,100,25,1496,211,568,807,1
tailwind-merge,2026-05-10T12:56:43.142Z,1,1891450993.0,454,101,20,2026-08-14T17:15:10Z,100,4,5673,1602,2,98,0
thread-loader,2024-09-18T21:34:17.773Z,3,68180726.0,27,69,12,2026-08-12T19:54:25Z,100,15,1132,134,4,697,0
ts-broadcasting,2026-08-07T04:27:45.752Z,1,894805.0,8,0,4,2026-08-16T10:15:16Z,100,4,3,102,0,9,0
stylelint-selector-bem-pattern,2026-05-16T09:11:33.156Z,3,8068122.0,19,17,0,2026-08-11T16:48:05Z,96,13,249,96,5,92,0
sql-summary,2018-07-25T09:10:49.356Z,1,18452996.0,2,0,2,2024-08-08T09:14:52Z,12,2,5,12,738,2944,1
tinykeys,2026-05-20T03:54:11.100Z,1,8444614.0,19,89,0,2026-05-26T06:08:18Z,100,12,4097,121,82,88,0
tw-animate-css,2025-09-24T05:25:53.055Z,1,643242757.0,56,13,14,2026-02-28T13:32:38Z,99,5,796,99,169,326,0
strip-color,2015-10-18T09:08:10.165Z,1,15792872.0,1,0,1,2015-10-18T09:08:23Z,1,1,7,1,3955,3955,1
stylus-loader,2026-05-25T18:08:43.460Z,7,70612818.0,60,99,0,2026-08-12T19:39:46Z,100,9,492,447,4,83,0
syntropylog,2026-08-08T05:52:48.120Z,2,15276.0,93,0,0,2026-08-13T01:43:06Z,100,3,2,458,3,8,0
tedious,2026-06-21T23:00:39.481Z,8,141808312.0,241,446,169,2026-08-04T10:27:09Z,100,18,1617,2290,12,56,0
tslib,2024-10-31T22:42:48.624Z,7,16054079153.0,46,146,36,2026-06-30T07:38:37Z,100,18,1343,313,47,654,0
spoint,2026-08-09T22:34:08.529Z,1,112191.0,683,2,1,2026-08-15T10:50:30Z,100,1,2,3731,1,7,0
sql-escaper,2026-07-12T16:49:24.764Z,2,74906915.0,14,3,0,2026-07-12T16:49:09Z,60,6,1,60,35,35,0
sortablejs,2026-02-11T22:42:31.720Z,2,151982751.0,46,3723,485,2026-03-24T22:02:22Z,100,19,31165,1114,145,186,0
success-symbol,2015-05-28T03:38:44.445Z,1,12960755.0,1,0,0,2015-05-28T03:48:05Z,1,1,4,1,4098,4098,1
tiktok-live-api-sdk,2026-07-23T05:16:37.610Z,1,113418.0,5,3,0,2026-07-23T05:21:47Z,100,2,34,139,24,24,0
tsoa,2025-12-14T19:48:12.007Z,3,16138939.0,208,534,113,2026-08-04T06:14:06Z,100,12,3973,2020,12,245,0
type-fest,2026-07-04T22:51:13.318Z,1,14122749128.0,192,729,175,2026-08-15T10:47:36Z,100,23,17359,963,1,43,0
tslint-eslint-rules,2018-08-15T04:20:23.142Z,2,8358636.0,45,99,52,2021-09-12T01:30:44Z,100,12,705,648,1799,2923,1
text-hex,2018-07-17T10:09:21.044Z,2,815425693.0,2,3,0,2020-02-25T13:09:52Z,5,2,8,5,2364,2952,1
storybook-addon-pseudo-states,2026-08-13T13:53:58.845Z,4,34167981.0,1287,10391,1580,2026-08-14T20:44:33Z,100,5,90859,84640,2,3,0
swagger2openapi,2021-07-07T12:13:52.206Z,1,165719857.0,156,118,23,2023-10-27T07:24:34Z,100,5,747,1254,1024,1866,1
strip-ansi,2026-02-26T13:51:11.099Z,1,20383178553.0,22,44,0,2026-02-26T13:51:11Z,75,11,499,75,171,171,0
style-to-object,2026-07-06T05:52:19.836Z,1,1143448844.0,29,7,0,2026-08-14T16:04:47Z,100,3,77,1266,2,41,0
strophe.js,2026-07-21T12:41:20.149Z,3,537610.0,41,363,18,2026-08-14T11:31:16Z,100,5,1487,1059,2,26,0
type-graphql,2026-02-08T09:02:16.432Z,1,23925048.0,76,674,99,2026-07-16T07:50:15Z,100,14,8092,1055,31,189,0
sqlite,2023-11-01T23:59:12.037Z,3,12959435.0,66,92,3,2025-04-28T23:03:33Z,100,15,934,235,475,1019,1
socketcluster-client,2025-11-18T14:36:24.145Z,1,5568582.0,242,90,23,2025-11-18T14:35:57Z,100,3,300,726,271,271,0
socketcluster-server,2025-11-18T14:25:00.224Z,1,1546820.0,206,49,7,2025-11-18T14:24:38Z,100,3,109,473,271,271,0
tsutils,2021-03-07T17:26:32.170Z,1,987671665.0,94,24,19,2024-03-10T22:14:58Z,100,2,331,432,889,1988,1
strong-log-transformer,2018-12-14T20:02:41.977Z,16,105079087.0,13,8,3,2024-05-27T04:34:14Z,63,2,10,63,811,2802,1
styled-jsx,2025-04-30T13:33:43.637Z,3,1325078645.0,122,267,77,2026-06-09T16:20:50Z,100,35,7776,417,68,473,0
socketio-wildcard,2017-05-22T15:28:39.833Z,1,9788779.0,6,16,2,2026-08-14T20:15:36Z,100,2,198,479,2,3373,0
ts-interface-checker,2021-10-11T22:57:41.129Z,2,1622116259.0,19,21,14,2024-04-20T13:30:16Z,77,10,329,77,848,1770,1
source-map-loader,2024-01-15T17:33:08.895Z,3,493708295.0,29,83,3,2025-08-29T17:21:24Z,100,10,374,187,352,944,0
stylelint,2026-07-20T01:00:57.084Z,4,389927107.0,281,1015,131,2026-08-16T08:22:49Z,100,8,11514,7941,0,27,0
testcontainers,2026-08-04T10:12:53.180Z,1,149800577.0,298,266,0,2026-08-10T23:17:50Z,100,10,2587,1225,6,12,0
stylelint-webpack-plugin,2026-02-04T13:30:13.364Z,9,11844227.0,56,70,0,2026-08-12T19:58:01Z,100,8,421,306,4,193,0
terser,2026-08-11T18:32:26.453Z,1,2730829949.0,207,466,306,2026-08-14T17:35:12Z,100,10,9320,3534,2,5,0
ts-dedent,2026-06-10T06:30:02.674Z,1,832922301.0,12,10,1,2026-08-09T16:56:03Z,100,7,177,201,7,67,0
sockjs-client,2022-05-28T04:32:35.599Z,2,150846797.0,31,1271,21,2026-08-11T11:07:49Z,100,10,8508,1016,5,1541,0
swr,2026-08-12T13:53:07.470Z,3,443834913.0,180,1376,145,2026-08-13T17:10:47Z,100,33,32457,973,3,4,0
sockette,2019-06-16T06:16:33.497Z,1,1122383.0,11,79,7,2024-01-20T17:07:08Z,67,7,2465,67,939,2618,1
ts-morph,2026-04-12T18:30:27.612Z,1,604135904.0,89,236,281,2026-07-31T14:14:07Z,100,21,6155,2344,16,126,0
triple-beam,2023-07-10T15:31:48.071Z,2,880651797.0,7,7,2,2024-07-04T13:39:42Z,32,5,26,32,773,1133,1
styled-components,2026-08-15T15:10:49.914Z,3,441649096.0,452,2675,11,2026-08-15T22:30:42Z,100,6,41122,3940,1,1,0
supports-preserve-symlinks-flag,2022-01-03T07:22:56.640Z,1,4308790638.0,1,4,1,2022-11-02T16:24:38Z,17,1,1,17,1383,1686,1
uglify-js,2024-08-29T13:49:01.316Z,3,1784907707.0,288,1224,31,2024-11-22T08:11:38Z,100,2,13381,3396,632,717,1
tslint-consistent-codestyle,2019-09-25T17:56:45.833Z,1,4326990.0,47,29,28,2022-06-24T16:33:05Z,100,9,211,321,1514,2517,1
toucan-js,2025-02-28T16:11:37.050Z,1,7351441.0,40,25,16,2026-01-12T00:55:51Z,100,7,459,291,216,534,0
test-renderer,2026-04-16T21:43:09.430Z,1,3982945.0,11,3,0,2026-07-10T14:18:56Z,100,2,20,100,37,122,0
superstruct,2024-07-06T11:11:24.577Z,2,198492059.0,90,222,82,2024-10-01T02:42:53Z,100,20,7137,957,684,771,1
unbox-primitive,2024-12-16T06:45:03.707Z,1,2790230199.0,4,3,0,2025-12-30T01:57:49Z,58,2,7,58,229,608,0
umzug,2026-05-01T22:20:00.077Z,5,85370584.0,71,162,13,2026-08-14T18:34:20Z,100,11,2205,793,2,107,0
webpack-subresource-integrity,2023-02-22T17:11:27.661Z,1,218600304.0,50,46,18,2026-06-23T14:21:15Z,100,5,374,467,54,1271,0
yargs,2026-07-26T04:07:48.666Z,3,8205899788.0,266,1037,199,2026-08-07T03:15:41Z,100,49,11511,1865,9,21,0
unist-builder,2023-07-07T10:30:15.432Z,2,138786421.0,12,3,0,2023-07-07T10:30:13Z,82,3,81,82,1136,1136,1
unist-util-modify-children,2023-07-07T11:30:09.482Z,2,106934926.0,13,4,0,2023-07-07T11:29:59Z,96,4,11,96,1136,1136,1
url-loader,2020-10-09T14:09:37.469Z,3,279166510.0,32,142,1,2021-03-15T14:54:21Z,100,29,1395,133,1980,2137,1
vue-class-component,2020-09-17T11:37:51.488Z,2,17584654.0,48,427,70,2025-10-03T22:24:43Z,100,22,5755,235,317,2159,0
yargs-parser,2025-05-26T20:12:00.864Z,3,8367938821.0,84,126,38,2026-08-09T06:09:18Z,100,18,519,372,7,447,0
unplugin-auto-import,2026-08-03T01:49:46.967Z,4,32977314.0,139,217,71,2026-08-03T01:46:59Z,100,22,3789,497,13,13,0
vue-template-compiler,2023-12-24T15:02:16.927Z,2,121317926.0,147,33770,365,2024-10-10T07:24:15Z,100,35,210231,3593,675,966,1
webpack,2026-07-28T18:14:32.243Z,8,2036315115.0,883,9532,62,2026-08-15T12:23:21Z,100,9,65979,19210,1,19,0
zod,2026-05-04T07:06:40.819Z,1,6003498432.0,913,2124,75,2026-08-15T15:54:15Z,100,30,43469,2991,1,104,0
vue-inbrowser-compiler-independent-utils,2023-05-04T20:42:13.622Z,1,35746829.0,9,412,79,2026-07-31T09:52:27Z,100,11,2492,3802,16,1200,0
vitest-websocket-mock,2026-07-11T20:58:37.691Z,1,2603754.0,13,4,1,2026-08-15T00:21:25Z,100,5,22,369,1,36,0
wiretyped,2026-05-07T09:36:57.170Z,1,14473.0,59,1,0,2026-08-06T08:18:05Z,100,1,10,524,10,101,0
vaul,2024-12-14T00:56:00.863Z,1,863914132.0,66,362,133,2025-10-03T19:25:32Z,100,29,8555,274,317,610,0
webpack-sources,2026-07-06T11:35:56.961Z,7,2416979102.0,59,75,0,2026-08-12T19:47:36Z,100,9,275,387,4,41,0
upgrade,2013-10-28T16:04:36.235Z,1,1115866.0,4,1,0,2013-10-28T16:01:50Z,18,1,2,18,4675,4675,1
yaml-lint,2022-05-13T14:51:23.756Z,1,12535653.0,16,9,4,2023-05-01T07:43:08Z,47,6,60,47,1203,1556,1
unist-util-find-after,2023-07-07T12:48:02.610Z,2,298910586.0,11,3,0,2023-07-07T12:47:59Z,96,3,7,96,1136,1136,1
urql,2026-06-15T17:46:49.378Z,9,31841297.0,197,477,16,2026-08-12T17:05:36Z,100,27,8966,2821,4,62,0
webpack-log,2021-03-11T15:40:49.741Z,1,154625623.0,11,0,0,2021-03-11T15:41:02Z,49,7,18,49,1984,1984,1
watever-js-wrapper,2022-01-04T09:49:35.613Z,1,2292.0,6,0,0,2022-08-20T19:40:45Z,53,1,6,53,1457,1685,1
websocket-as-promised,2025-04-22T09:17:57.802Z,1,540729.0,31,41,5,2025-04-22T09:17:59Z,100,7,600,262,481,481,1
unist-util-is,2025-10-16T18:01:47.398Z,2,1731884573.0,20,8,0,2025-10-22T10:53:09Z,100,5,45,133,298,304,0
ultimate-express,2026-07-30T13:49:59.613Z,2,528759.0,104,43,6,2026-07-31T12:27:51Z,100,6,1102,1119,16,17,0
winston-loki,2026-08-11T23:58:10.777Z,1,7068981.0,57,63,28,2026-08-11T23:57:43Z,100,12,170,368,5,5,0
unist-util-position,2023-07-07T09:59:34.316Z,2,1141456486.0,13,2,0,2023-07-07T09:59:32Z,100,4,8,136,1136,1136,1
use-sidecar,2024-12-15T01:49:19.375Z,1,1634499792.0,15,11,6,2024-12-15T01:49:31Z,56,5,107,56,609,609,1
vite-plugin-vue-inspector,2026-06-08T12:50:19.499Z,2,49311574.0,84,93,33,2026-06-08T12:41:59Z,100,21,805,222,69,69,0
which-boxed-primitive,2024-12-16T05:48:44.026Z,1,2881906975.0,5,3,1,2026-03-19T04:28:13Z,61,2,7,61,150,608,0
webpack-dev-middleware,2026-08-01T18:37:59.626Z,8,1144020510.0,127,381,4,2026-08-09T11:02:51Z,100,4,2511,1826,7,15,0
yn,2025-08-22T08:54:54.259Z,1,1756207409.0,11,18,0,2025-08-22T08:54:56Z,42,10,275,42,359,359,0
unplugin-kubb,2026-08-04T01:13:12.353Z,1,80256.0,492,146,7,2026-08-15T15:01:10Z,100,6,1776,7630,1,12,0
unist-util-position-from-estree,2023-07-07T10:02:01.794Z,2,269675951.0,5,0,0,2023-07-07T10:01:59Z,40,2,0,40,1136,1136,1
webpack-virtual-modules,2024-06-04T15:49:39.434Z,1,1401029006.0,27,44,4,2025-04-08T17:58:36Z,100,19,519,125,495,803,1
vue-docgen-api,2024-08-01T08:06:04.225Z,3,38145839.0,271,412,79,2026-07-31T09:52:27Z,100,11,2492,3802,16,745,0
vue-hot-reload-api,2019-09-11T08:26:12.014Z,2,59237896.0,33,50,18,2023-01-03T15:13:47Z,78,15,465,78,1321,2531,1
unplugin-dts,2026-06-24T08:15:01.703Z,1,9256239.0,12,111,14,2026-08-11T01:55:49Z,100,11,1527,557,5,53,0
update-notifier,2024-09-09T18:51:04.896Z,1,412690385.0,52,163,19,2026-07-25T12:05:02Z,100,29,1805,223,22,706,0
util-deprecate,2015-10-07T18:37:40.665Z,1,5020708589.0,3,15,1,2018-11-11T02:10:34Z,9,2,37,9,2835,3966,1
webpack-assets-manifest,2026-05-22T16:49:16.785Z,1,38202950.0,46,33,2,2026-08-12T17:59:26Z,100,1,328,485,4,86,0
unist-util-stringify-position,2023-07-07T10:09:26.763Z,2,1590795386.0,13,2,0,2023-07-07T10:09:24Z,100,3,6,101,1136,1136,1
virtua,2026-08-07T01:00:35.682Z,1,20071308.0,195,114,54,2026-08-16T03:59:23Z,100,11,3716,1760,0,9,0
winston,2025-12-07T07:37:16.009Z,8,1004236736.0,94,1848,459,2026-07-20T19:12:28Z,100,28,24506,1656,27,252,0
ware,2015-05-01T02:03:25.718Z,3,8247084.0,10,23,4,2026-04-24T19:58:25Z,39,10,251,39,114,4125,0
wrangler,2026-08-13T16:09:16.089Z,1,376882874.0,4923,1431,336,2026-08-16T11:06:33Z,100,34,4435,8119,0,3,0
x-xss-protection,2020-08-02T16:58:53.713Z,1,21021907.0,9,410,4,2026-08-01T00:02:40Z,100,6,10717,1084,15,2205,0
vfile-message,2025-07-26T15:08:12.656Z,1,1499091370.0,22,3,2,2025-07-26T15:08:09Z,100,4,10,122,386,386,1
workbox-webpack-plugin,2026-05-04T20:21:45.487Z,9,196571848.0,103,879,64,2026-08-04T00:34:34Z,100,4,12977,1512,12,104,0
vue-i18n,2026-07-26T07:35:18.900Z,1,124304469.0,404,388,49,2026-08-15T06:51:27Z,100,14,2704,3485,1,21,0
unplugin-class-extractor,2025-10-08T01:50:04.111Z,1,23012.0,22,1,0,2025-10-08T01:49:59Z,54,1,3,54,312,312,0
vite-plugin-favicon-generator,2025-10-02T12:02:55.764Z,1,13073.0,3,0,0,2025-10-02T12:02:35Z,12,1,2,12,318,318,0
vite-plugin-istanbul,2026-05-27T07:39:52.848Z,1,37809438.0,62,35,7,2026-08-10T18:17:32Z,100,12,119,626,6,81,0
use-callback-ref,2024-12-17T11:07:58.012Z,1,1645533366.0,13,7,2,2024-12-17T11:08:37Z,57,5,309,57,607,607,1
upath,2026-07-05T21:25:31.910Z,1,913647688.0,25,18,0,2026-07-13T05:38:19Z,100,3,154,216,34,42,0
uuid,2026-06-20T11:56:02.499Z,2,10706380924.0,54,986,0,2026-08-08T12:06:10Z,100,22,15316,633,8,57,0
wscat,2025-05-03T18:38:12.208Z,1,1200328.0,21,250,24,2025-05-03T17:06:05Z,100,18,2771,141,470,470,1
webpack-merge,2024-07-02T07:39:22.644Z,1,930222967.0,91,112,1,2024-07-12T06:35:58Z,100,11,2683,558,765,775,1
unist-util-visit,2026-01-22T19:02:58.977Z,2,1643683904.0,24,22,0,2026-01-22T19:02:30Z,100,10,353,181,206,206,0
yoctocolors-cjs,2025-08-21T08:24:47.792Z,1,1022591134.0,4,35,0,2026-07-26T13:39:34Z,33,8,875,33,21,360,0
yoctocolors,2026-07-26T13:39:35.966Z,1,725585410.0,11,35,0,2026-07-26T13:39:34Z,33,8,875,33,21,21,0
vite-svg-loader,2026-03-05T13:32:05.804Z,1,26530209.0,34,69,25,2026-03-05T13:33:27Z,100,7,699,233,164,164,0
vfile-location,2024-07-15T14:29:27.567Z,1,601543222.0,18,2,0,2024-10-22T12:49:59Z,100,2,14,121,663,762,1
vite-plugin-dts,2026-06-24T08:15:50.406Z,1,128862712.0,134,111,14,2026-08-11T01:55:49Z,100,11,1527,557,5,53,0
vitest-browser-react,2026-04-05T06:56:34.635Z,6,32095069.0,22,18,2,2026-06-30T00:33:39Z,86,12,286,86,47,133,0
unist-util-remove-position,2023-07-07T10:24:53.442Z,2,437943137.0,13,2,0,2023-07-07T10:24:50Z,100,4,12,103,1136,1136,1
websocket-stream,2020-03-04T17:25:50.942Z,5,10325818.0,54,110,28,2024-08-15T10:10:51Z,100,14,667,224,731,2356,1
websocket-extensions,2020-06-02T13:00:09.535Z,1,1107686331.0,5,27,1,2023-09-07T18:23:50Z,58,1,75,58,1074,2266,1
websocket,2024-05-12T17:48:10.186Z,1,61090634.0,56,594,62,2025-10-06T22:27:40Z,100,27,3782,547,314,826,0
wait-on,2026-07-21T20:51:38.654Z,1,366149225.0,68,86,49,2026-07-21T20:56:18Z,100,6,1980,289,26,26,0
unist-util-visit-children,2023-07-07T10:48:12.614Z,2,104656961.0,10,1,0,2023-07-07T10:48:10Z,90,3,9,90,1136,1136,1
vite-plugin-pwa,2026-05-05T15:04:06.752Z,3,106695523.0,135,256,166,2026-05-05T15:03:21Z,100,15,4237,656,103,103,0
wait-for-expect,2025-08-01T11:32:27.075Z,1,37047938.0,22,29,7,2025-08-01T11:32:23Z,54,11,299,54,380,380,1
warning,2019-02-09T21:08:28.900Z,1,689113934.0,10,26,0,2024-10-29T16:06:10Z,93,10,221,93,656,2745,1
webpack-node-externals,2021-04-21T10:08:25.309Z,1,358298024.0,27,60,44,2026-03-03T10:17:50Z,100,7,1294,127,166,1943,0
webpack-hot-middleware,2024-02-01T16:50:44.186Z,8,291348237.0,67,290,68,2026-08-12T19:55:40Z,100,15,2382,413,4,927,0
unist-util-visit-parents,2025-10-16T18:20:45.045Z,2,1705975454.0,25,8,1,2025-10-16T18:20:42Z,100,3,81,141,304,304,0
vue,2026-08-05T07:01:07.139Z,2,505601599.0,587,9186,557,2026-08-15T09:59:17Z,100,30,54186,7156,1,11,0
yocto-spinner,2026-07-16T10:39:28.265Z,1,140027870.0,12,13,0,2026-07-16T10:39:29Z,29,5,313,29,31,31,0
ultracite,2026-08-15T04:35:07.379Z,1,14184955.0,300,119,0,2026-08-15T21:56:05Z,100,9,3137,1880,1,1,0
widest-line,2026-01-24T03:25:03.834Z,1,1474988382.0,9,5,0,2026-01-24T03:25:03Z,26,5,40,26,204,204,0
webstomp-client,2018-11-05T16:52:30.734Z,1,1158108.0,16,57,16,2020-09-05T22:47:46Z,88,9,298,88,2171,2841,1
xml-parse-from-string,2017-05-18T13:45:24.646Z,1,111249963.0,2,1,0,2017-05-18T13:45:29Z,7,3,4,7,3377,3377,1
websocket-driver,2026-06-04T16:42:29.597Z,1,1157828361.0,28,39,0,2026-06-04T23:48:05Z,100,5,110,356,73,73,0
websocket-ts,2026-03-29T12:36:58.428Z,1,1021749.0,18,24,0,2026-07-11T16:30:34Z,100,1,156,227,36,140,0
websocket13,2025-11-04T01:39:01.867Z,1,1493284.0,43,3,0,2025-11-04T01:38:01Z,100,1,5,197,285,285,0
zustand,2026-08-13T00:39:55.466Z,3,1276908816.0,158,2181,2,2026-08-13T00:34:02Z,100,34,58572,1377,3,3,0
vantris,2026-07-20T17:20:16.854Z,1,4898.0,19,1,0,2026-07-20T17:21:09Z,21,1,0,21,27,27,0
xo,2026-07-06T23:11:26.344Z,1,12812535.0,146,306,3,2026-07-29T23:27:31Z,100,10,7993,723,18,41,0
vite-plugin-babel,2026-05-19T02:53:29.735Z,2,10219108.0,20,24,2,2026-05-19T02:53:06Z,72,12,68,72,89,89,0
vite,2026-08-06T13:47:48.588Z,2,4293677573.0,748,8653,505,2026-08-16T05:41:06Z,100,26,82363,9567,0,10,0
vnu-jar,2026-08-15T01:54:26.416Z,3,4984643.0,210,332,0,2026-08-15T02:20:04Z,100,6,1972,5263,1,1,0
zshy,2026-06-12T16:03:03.261Z,1,684283.0,55,21,5,2026-06-12T16:03:06Z,100,7,1116,263,65,65,0
vitepress,2025-08-05T13:40:31.197Z,5,23290170.0,267,2732,242,2026-08-15T04:55:31Z,100,11,18187,2856,1,376,0
webdriver-manager,2023-02-09T00:11:38.254Z,1,34470117.0,64,113,111,2024-05-20T07:59:18Z,100,19,220,187,818,1284,1
wreq-js,2026-08-06T11:57:11.802Z,1,934257.0,23,15,0,2026-08-10T13:09:36Z,100,8,372,532,6,10,0
webpack-bundle-analyzer,2026-07-13T15:52:06.377Z,10,487514746.0,97,512,17,2026-08-13T07:21:45Z,100,34,12661,695,3,34,0
what-framework-cli,2026-08-15T04:36:35.324Z,1,5539.0,33,0,0,2026-08-16T06:33:03Z,100,2,0,390,0,1,0
winston-cloudwatch,2024-04-30T15:18:46.458Z,1,10481232.0,77,105,43,2024-07-09T14:45:54Z,100,28,265,304,768,838,1
webpack-cli,2026-07-28T17:48:14.763Z,6,528366624.0,133,678,4,2026-08-15T13:20:05Z,100,8,2613,4153,1,19,0
wrap-ansi,2026-02-20T10:03:54.703Z,1,15446419619.0,22,30,2,2026-02-20T10:03:54Z,80,10,139,80,177,177,0
wshy,2025-10-14T02:49:46.878Z,1,1770.0,4,21,5,2026-06-12T16:03:06Z,100,7,1116,263,65,306,0
unist-util-generated,2023-07-07T10:06:56.548Z,2,211328845.0,11,1,0,2023-07-07T10:06:54Z,90,3,4,90,1136,1136,1
vite-plugin-singlefile-compression,2026-08-13T04:10:20.777Z,1,24699.0,61,0,0,2026-08-13T04:09:45Z,100,1,12,269,3,3,0
vite-plugin-vue-tracer,2026-08-10T01:47:45.800Z,1,47146816.0,18,7,1,2026-08-10T01:48:21Z,52,5,86,52,6,6,0
utility-types,2024-01-18T16:51:23.522Z,1,320958904.0,20,238,47,2026-05-09T10:55:38Z,100,29,5762,252,99,941,0
valibot,2026-06-28T15:16:53.427Z,1,362477768.0,97,369,85,2026-08-16T02:05:42Z,100,34,8931,3435,0,49,0
vue-resize,2021-03-19T18:06:32.629Z,1,44469756.0,20,40,5,2022-12-13T22:11:48Z,86,4,506,86,1342,1976,1
yuku-parser,2026-08-13T14:24:51.566Z,1,5680420.0,78,25,13,2026-08-13T14:09:07Z,100,6,924,1135,3,3,0
